pais_iso3,indicador_id,indicador_nombre,anio,valor,unidad,fuente_url,fecha_extraccion,licencia,periodo,fuente,frecuencia,es_proyeccion
PAN,ACP.GATUN.NIVEL,Nivel observado del lago Gatún,2025,86.35,pies,https://evtms-rpts.pancanal.com/eng/h2o/Download_Gatun_Lake_Water_Level_History.csv,2026-10-07T04:55:24.534602Z,ACP: uso informativo; sin licencia abierta declarada,2025-09-02,acp,diaria,false
PAN,ACP.GATUN.NIVEL,Nivel observado del lago Gatún,2025,86.36,pies,https://evtms-rpts.pancanal.com/eng/h2o/Download_Gatun_Lake_Water_Level_History.csv,2026-10-07T04:55:24.534602Z,ACP: uso informativo; sin licencia abierta declarada,2025-09-03,acp,diaria,false
PAN,ACP.GATUN.NIVEL,Nivel observado del lago Gatún,2025,86.44,pies,https://evtms-rpts.pancanal.com/eng/h2o/Download_Gatun_Lake_Water_Level_History.csv,2026-10-07T04:55:24.534602Z,ACP: uso informativo; sin licencia abierta declarada,2025-09-04,acp,diaria,false
PAN,ACP.GATUN.NIVEL,Nivel observado del lago Gatún,2025,86.66,pies,https://evtms-rpts.pancanal.com/eng/h2o/Download_Gatun_Lake_Water_Level_History.csv,2026-10-07T04:55:24.534602Z,ACP: uso informativo; sin licencia abierta declarada,2025-09-05,acp,diaria,false
PAN,ACP.GATUN.NIVEL,Nivel observado del lago Gatún,2025,86.62,pies,https://evtms-rpts.pancanal.com/eng/h2o/Download_Gatun_Lake_Water_Level_History.csv,2026-10-07T04:55:24.534602Z,ACP: uso informativo; sin licencia abierta declarada,2025-09-06,acp,diaria,false
PAN,ACP.GATUN.NIVEL,Nivel observado del lago Gatún,2025,86.56,pies,https://evtms-rpts.pancanal.com/eng/h2o/Download_Gatun_Lake_Water_Level_History.csv,2026-10-07T04:55:24.534602Z,ACP: uso informativo; sin licencia abierta declarada,2025-09-07,acp,diaria,false
PAN,ACP.GATUN.NIVEL,Nivel observado del lago Gatún,2025,86.5,pies,https://evtms-rpts.pancanal.com/eng/h2o/Download_Gatun_Lake_Water_Level_History.csv,2026-10-07T04:55:24.534602Z,ACP: uso informativo; sin licencia abierta declarada,2025-09-08,acp,diaria,false
PAN,ACP.GATUN.NIVEL,Nivel observado del lago Gatún,2025,86.48,pies,https://evtms-rpts.pancanal.com/eng/h2o/Download_Gatun_Lake_Water_Level_History.csv,2026-10-07T04:55:24.534602Z,ACP: uso informativo; sin licencia abierta declarada,2025-09-09,acp,diaria,false
PAN,ACP.GATUN.NIVEL,Nivel observado del lago Gatún,2025,86.49,pies,https://evtms-rpts.pancanal.com/eng/h2o/Download_Gatun_Lake_Water_Level_History.csv,2026-10-07T04:55:24.534602Z,ACP: uso informativo; sin licencia abierta declarada,2025-09-10,acp,diaria,false
PAN,ACP.GATUN.NIVEL,Nivel observado del lago Gatún,2025,86.57,pies,https://evtms-rpts.pancanal.com/eng/h2o/Download_Gatun_Lake_Water_Level_History.csv,2026-10-07T04:55:24.534602Z,ACP: uso informativo; sin licencia abierta declarada,2025-09-11,acp,diaria,false
PAN,ACP.GATUN.NIVEL,Nivel observado del lago Gatún,2025,86.66,pies,https://evtms-rpts.pancanal.com/eng/h2o/Download_Gatun_Lake_Water_Level_History.csv,2026-10-07T04:55:24.534602Z,ACP: uso informativo; sin licencia abierta declarada,2025-09-12,acp,diaria,false
PAN,ACP.GATUN.NIVEL,Nivel observado del lago Gatún,2025,86.71,pies,https://evtms-rpts.pancanal.com/eng/h2o/Download_Gatun_Lake_Water_Level_History.csv,2026-10-07T04:55:24.534602Z,ACP: uso informativo; sin licencia abierta declarada,2025-09-13,acp,diaria,false
PAN,ACP.GATUN.NIVEL,Nivel observado del lago Gatún,2025,86.8,pies,https://evtms-rpts.pancanal.com/eng/h2o/Download_Gatun_Lake_Water_Level_History.csv,2026-10-07T04:55:24.534602Z,ACP: uso informativo; sin licencia abierta declarada,2025-09-14,acp,diaria,false
PAN,ACP.GATUN.NIVEL,Nivel observado del lago Gatún,2025,86.81,pies,https://evtms-rpts.pancanal.com/eng/h2o/Download_Gatun_Lake_Water_Level_History.csv,2026-10-07T04:55:24.534602Z,ACP: uso informativo; sin licencia abierta declarada,2025-09-15,acp,diaria,false
PAN,ACP.GATUN.NIVEL,Nivel observado del lago Gatún,2025,86.82,pies,https://evtms-rpts.pancanal.com/eng/h2o/Download_Gatun_Lake_Water_Level_History.csv,2026-10-07T04:55:24.534602Z,ACP: uso informativo; sin licencia abierta declarada,2025-09-16,acp,diaria,false
PAN,ACP.GATUN.NIVEL,Nivel observado del lago Gatún,2025,86.77,pies,https://evtms-rpts.pancanal.com/eng/h2o/Download_Gatun_Lake_Water_Level_History.csv,2026-10-07T04:55:24.534602Z,ACP: uso informativo; sin licencia abierta declarada,2025-09-17,acp,diaria,false
PAN,ACP.GATUN.NIVEL,Nivel observado del lago Gatún,2025,86.7,pies,https://evtms-rpts.pancanal.com/eng/h2o/Download_Gatun_Lake_Water_Level_History.csv,2026-10-07T04:55:24.534602Z,ACP: uso informativo; sin licencia abierta declarada,2025-09-18,acp,diaria,false
PAN,ACP.GATUN.NIVEL,Nivel observado del lago Gatún,2025,86.67,pies,https://evtms-rpts.pancanal.com/eng/h2o/Download_Gatun_Lake_Water_Level_History.csv,2026-10-07T04:55:24.534602Z,ACP: uso informativo; sin licencia abierta declarada,2025-09-19,acp,diaria,false
PAN,ACP.GATUN.NIVEL,Nivel observado del lago Gatún,2025,86.68,pies,https://evtms-rpts.pancanal.com/eng/h2o/Download_Gatun_Lake_Water_Level_History.csv,2026-10-07T04:55:24.534602Z,ACP: uso informativo; sin licencia abierta declarada,2025-09-20,acp,diaria,false
PAN,ACP.GATUN.NIVEL,Nivel observado del lago Gatún,2025,86.67,pies,https://evtms-rpts.pancanal.com/eng/h2o/Download_Gatun_Lake_Water_Level_History.csv,2026-10-07T04:55:24.534602Z,ACP: uso informativo; sin licencia abierta declarada,2025-09-21,acp,diaria,false
PAN,ACP.GATUN.NIVEL,Nivel observado del lago Gatún,2025,86.72,pies,https://evtms-rpts.pancanal.com/eng/h2o/Download_Gatun_Lake_Water_Level_History.csv,2026-10-07T04:55:24.534602Z,ACP: uso informativo; sin licencia abierta declarada,2025-09-22,acp,diaria,false
PAN,ACP.GATUN.NIVEL,Nivel observado del lago Gatún,2025,86.74,pies,https://evtms-rpts.pancanal.com/eng/h2o/Download_Gatun_Lake_Water_Level_History.csv,2026-10-07T04:55:24.534602Z,ACP: uso informativo; sin licencia abierta declarada,2025-09-23,acp,diaria,false
PAN,ACP.GATUN.NIVEL,Nivel observado del lago Gatún,2025,86.77,pies,https://evtms-rpts.pancanal.com/eng/h2o/Download_Gatun_Lake_Water_Level_History.csv,2026-10-07T04:55:24.534602Z,ACP: uso informativo; sin licencia abierta declarada,2025-09-24,acp,diaria,false
PAN,ACP.GATUN.NIVEL,Nivel observado del lago Gatún,2025,86.83,pies,https://evtms-rpts.pancanal.com/eng/h2o/Download_Gatun_Lake_Water_Level_History.csv,2026-10-07T04:55:24.534602Z,ACP: uso informativo; sin licencia abierta declarada,2025-09-25,acp,diaria,false
PAN,ACP.GATUN.NIVEL,Nivel observado del lago Gatún,2025,86.83,pies,https://evtms-rpts.pancanal.com/eng/h2o/Download_Gatun_Lake_Water_Level_History.csv,2026-10-07T04:55:24.534602Z,ACP: uso informativo; sin licencia abierta declarada,2025-09-26,acp,diaria,false
PAN,ACP.GATUN.NIVEL,Nivel observado del lago Gatún,2025,86.8,pies,https://evtms-rpts.pancanal.com/eng/h2o/Download_Gatun_Lake_Water_Level_History.csv,2026-10-07T04:55:24.534602Z,ACP: uso informativo; sin licencia abierta declarada,2025-09-27,acp,diaria,false
PAN,ACP.GATUN.NIVEL,Nivel observado del lago Gatún,2025,86.74,pies,https://evtms-rpts.pancanal.com/eng/h2o/Download_Gatun_Lake_Water_Level_History.csv,2026-10-07T04:55:24.534602Z,ACP: uso informativo; sin licencia abierta declarada,2025-09-28,acp,diaria,false
PAN,ACP.GATUN.NIVEL,Nivel observado del lago Gatún,2025,86.72,pies,https://evtms-rpts.pancanal.com/eng/h2o/Download_Gatun_Lake_Water_Level_History.csv,2026-10-07T04:55:24.534602Z,ACP: uso informativo; sin licencia abierta declarada,2025-09-29,acp,diaria,false
PAN,ACP.GATUN.NIVEL,Nivel observado del lago Gatún,2025,86.77,pies,https://evtms-rpts.pancanal.com/eng/h2o/Download_Gatun_Lake_Water_Level_History.csv,2026-10-07T04:55:24.534602Z,ACP: uso informativo; sin licencia abierta declarada,2025-09-30,acp,diaria,false
PAN,ACP.GATUN.NIVEL,Nivel observado del lago Gatún,2025,86.82,pies,https://evtms-rpts.pancanal.com/eng/h2o/Download_Gatun_Lake_Water_Level_History.csv,2026-10-07T04:55:24.534602Z,ACP: uso informativo; sin licencia abierta declarada,2025-10-01,acp,diaria,false
PAN,ACP.GATUN.NIVEL,Nivel observado del lago Gatún,2025,86.85,pies,https://evtms-rpts.pancanal.com/eng/h2o/Download_Gatun_Lake_Water_Level_History.csv,2026-10-07T04:55:24.534602Z,ACP: uso informativo; sin licencia abierta declarada,2025-10-02,acp,diaria,false
PAN,ACP.GATUN.NIVEL,Nivel observado del lago Gatún,2025,86.84,pies,https://evtms-rpts.pancanal.com/eng/h2o/Download_Gatun_Lake_Water_Level_History.csv,2026-10-07T04:55:24.534602Z,ACP: uso informativo; sin licencia abierta declarada,2025-10-03,acp,diaria,false
PAN,ACP.GATUN.NIVEL,Nivel observado del lago Gatún,2025,86.82,pies,https://evtms-rpts.pancanal.com/eng/h2o/Download_Gatun_Lake_Water_Level_History.csv,2026-10-07T04:55:24.534602Z,ACP: uso informativo; sin licencia abierta declarada,2025-10-04,acp,diaria,false
PAN,ACP.GATUN.NIVEL,Nivel observado del lago Gatún,2025,86.79,pies,https://evtms-rpts.pancanal.com/eng/h2o/Download_Gatun_Lake_Water_Level_History.csv,2026-10-07T04:55:24.534602Z,ACP: uso informativo; sin licencia abierta declarada,2025-10-05,acp,diaria,false
PAN,ACP.GATUN.NIVEL,Nivel observado del lago Gatún,2025,86.84,pies,https://evtms-rpts.pancanal.com/eng/h2o/Download_Gatun_Lake_Water_Level_History.csv,2026-10-07T04:55:24.534602Z,ACP: uso informativo; sin licencia abierta declarada,2025-10-06,acp,diaria,false
PAN,ACP.GATUN.NIVEL,Nivel observado del lago Gatún,2025,86.85,pies,https://evtms-rpts.pancanal.com/eng/h2o/Download_Gatun_Lake_Water_Level_History.csv,2026-10-07T04:55:24.534602Z,ACP: uso informativo; sin licencia abierta declarada,2025-10-07,acp,diaria,false
PAN,ACP.GATUN.NIVEL,Nivel observado del lago Gatún,2025,86.88,pies,https://evtms-rpts.pancanal.com/eng/h2o/Download_Gatun_Lake_Water_Level_History.csv,2026-10-07T04:55:24.534602Z,ACP: uso informativo; sin licencia abierta declarada,2025-10-08,acp,diaria,false
PAN,ACP.GATUN.NIVEL,Nivel observado del lago Gatún,2025,86.96,pies,https://evtms-rpts.pancanal.com/eng/h2o/Download_Gatun_Lake_Water_Level_History.csv,2026-10-07T04:55:24.534602Z,ACP: uso informativo; sin licencia abierta declarada,2025-10-09,acp,diaria,false
PAN,ACP.GATUN.NIVEL,Nivel observado del lago Gatún,2025,86.96,pies,https://evtms-rpts.pancanal.com/eng/h2o/Download_Gatun_Lake_Water_Level_History.csv,2026-10-07T04:55:24.534602Z,ACP: uso informativo; sin licencia abierta declarada,2025-10-10,acp,diaria,false
PAN,ACP.GATUN.NIVEL,Nivel observado del lago Gatún,2025,86.96,pies,https://evtms-rpts.pancanal.com/eng/h2o/Download_Gatun_Lake_Water_Level_History.csv,2026-10-07T04:55:24.534602Z,ACP: uso informativo; sin licencia abierta declarada,2025-10-11,acp,diaria,false
PAN,ACP.GATUN.NIVEL,Nivel observado del lago Gatún,2025,86.95,pies,https://evtms-rpts.pancanal.com/eng/h2o/Download_Gatun_Lake_Water_Level_History.csv,2026-10-07T04:55:24.534602Z,ACP: uso informativo; sin licencia abierta declarada,2025-10-12,acp,diaria,false
PAN,ACP.GATUN.NIVEL,Nivel observado del lago Gatún,2025,86.94,pies,https://evtms-rpts.pancanal.com/eng/h2o/Download_Gatun_Lake_Water_Level_History.csv,2026-10-07T04:55:24.534602Z,ACP: uso informativo; sin licencia abierta declarada,2025-10-13,acp,diaria,false
PAN,ACP.GATUN.NIVEL,Nivel observado del lago Gatún,2025,86.92,pies,https://evtms-rpts.pancanal.com/eng/h2o/Download_Gatun_Lake_Water_Level_History.csv,2026-10-07T04:55:24.534602Z,ACP: uso informativo; sin licencia abierta declarada,2025-10-14,acp,diaria,false
PAN,ACP.GATUN.NIVEL,Nivel observado del lago Gatún,2025,86.93,pies,https://evtms-rpts.pancanal.com/eng/h2o/Download_Gatun_Lake_Water_Level_History.csv,2026-10-07T04:55:24.534602Z,ACP: uso informativo; sin licencia abierta declarada,2025-10-15,acp,diaria,false
PAN,ACP.GATUN.NIVEL,Nivel observado del lago Gatún,2025,86.92,pies,https://evtms-rpts.pancanal.com/eng/h2o/Download_Gatun_Lake_Water_Level_History.csv,2026-10-07T04:55:24.534602Z,ACP: uso informativo; sin licencia abierta declarada,2025-10-16,acp,diaria,false
PAN,ACP.GATUN.NIVEL,Nivel observado del lago Gatún,2025,86.91,pies,https://evtms-rpts.pancanal.com/eng/h2o/Download_Gatun_Lake_Water_Level_History.csv,2026-10-07T04:55:24.534602Z,ACP: uso informativo; sin licencia abierta declarada,2025-10-17,acp,diaria,false
PAN,ACP.GATUN.NIVEL,Nivel observado del lago Gatún,2025,86.88,pies,https://evtms-rpts.pancanal.com/eng/h2o/Download_Gatun_Lake_Water_Level_History.csv,2026-10-07T04:55:24.534602Z,ACP: uso informativo; sin licencia abierta declarada,2025-10-18,acp,diaria,false
PAN,ACP.GATUN.NIVEL,Nivel observado del lago Gatún,2025,86.88,pies,https://evtms-rpts.pancanal.com/eng/h2o/Download_Gatun_Lake_Water_Level_History.csv,2026-10-07T04:55:24.534602Z,ACP: uso informativo; sin licencia abierta declarada,2025-10-19,acp,diaria,false
PAN,ACP.GATUN.NIVEL,Nivel observado del lago Gatún,2025,87.08,pies,https://evtms-rpts.pancanal.com/eng/h2o/Download_Gatun_Lake_Water_Level_History.csv,2026-10-07T04:55:24.534602Z,ACP: uso informativo; sin licencia abierta declarada,2025-10-20,acp,diaria,false
PAN,ACP.GATUN.NIVEL,Nivel observado del lago Gatún,2025,87.25,pies,https://evtms-rpts.pancanal.com/eng/h2o/Download_Gatun_Lake_Water_Level_History.csv,2026-10-07T04:55:24.534602Z,ACP: uso informativo; sin licencia abierta declarada,2025-10-21,acp,diaria,false
PAN,ACP.GATUN.NIVEL,Nivel observado del lago Gatún,2025,87.36,pies,https://evtms-rpts.pancanal.com/eng/h2o/Download_Gatun_Lake_Water_Level_History.csv,2026-10-07T04:55:24.534602Z,ACP: uso informativo; sin licencia abierta declarada,2025-10-22,acp,diaria,false
PAN,ACP.GATUN.NIVEL,Nivel observado del lago Gatún,2025,87.49,pies,https://evtms-rpts.pancanal.com/eng/h2o/Download_Gatun_Lake_Water_Level_History.csv,2026-10-07T04:55:24.534602Z,ACP: uso informativo; sin licencia abierta declarada,2025-10-23,acp,diaria,false
PAN,ACP.GATUN.NIVEL,Nivel observado del lago Gatún,2025,87.52,pies,https://evtms-rpts.pancanal.com/eng/h2o/Download_Gatun_Lake_Water_Level_History.csv,2026-10-07T04:55:24.534602Z,ACP: uso informativo; sin licencia abierta declarada,2025-10-24,acp,diaria,false
PAN,ACP.GATUN.NIVEL,Nivel observado del lago Gatún,2025,87.65,pies,https://evtms-rpts.pancanal.com/eng/h2o/Download_Gatun_Lake_Water_Level_History.csv,2026-10-07T04:55:24.534602Z,ACP: uso informativo; sin licencia abierta declarada,2025-10-25,acp,diaria,false
PAN,ACP.GATUN.NIVEL,Nivel observado del lago Gatún,2025,87.72,pies,https://evtms-rpts.pancanal.com/eng/h2o/Download_Gatun_Lake_Water_Level_History.csv,2026-10-07T04:55:24.534602Z,ACP: uso informativo; sin licencia abierta declarada,2025-10-26,acp,diaria,false
PAN,ACP.GATUN.NIVEL,Nivel observado del lago Gatún,2025,87.92,pies,https://evtms-rpts.pancanal.com/eng/h2o/Download_Gatun_Lake_Water_Level_History.csv,2026-10-07T04:55:24.534602Z,ACP: uso informativo; sin licencia abierta declarada,2025-10-27,acp,diaria,false
PAN,ACP.GATUN.NIVEL,Nivel observado del lago Gatún,2025,87.95,pies,https://evtms-rpts.pancanal.com/eng/h2o/Download_Gatun_Lake_Water_Level_History.csv,2026-10-07T04:55:24.534602Z,ACP: uso informativo; sin licencia abierta declarada,2025-10-28,acp,diaria,false
PAN,ACP.GATUN.NIVEL,Nivel observado del lago Gatún,2025,87.91,pies,https://evtms-rpts.pancanal.com/eng/h2o/Download_Gatun_Lake_Water_Level_History.csv,2026-10-07T04:55:24.534602Z,ACP: uso informativo; sin licencia abierta declarada,2025-10-29,acp,diaria,false
PAN,ACP.GATUN.NIVEL,Nivel observado del lago Gatún,2025,87.99,pies,https://evtms-rpts.pancanal.com/eng/h2o/Download_Gatun_Lake_Water_Level_History.csv,2026-10-07T04:55:24.534602Z,ACP: uso informativo; sin licencia abierta declarada,2025-10-30,acp,diaria,false
PAN,ACP.GATUN.NIVEL,Nivel observado del lago Gatún,2025,87.92,pies,https://evtms-rpts.pancanal.com/eng/h2o/Download_Gatun_Lake_Water_Level_History.csv,2026-10-07T04:55:24.534602Z,ACP: uso informativo; sin licencia abierta declarada,2025-10-31,acp,diaria,false
PAN,ACP.GATUN.NIVEL,Nivel observado del lago Gatún,2025,87.87,pies,https://evtms-rpts.pancanal.com/eng/h2o/Download_Gatun_Lake_Water_Level_History.csv,2026-10-07T04:55:24.534602Z,ACP: uso informativo; sin licencia abierta declarada,2025-11-01,acp,diaria,false
PAN,ACP.GATUN.NIVEL,Nivel observado del lago Gatún,2025,87.83,pies,https://evtms-rpts.pancanal.com/eng/h2o/Download_Gatun_Lake_Water_Level_History.csv,2026-10-07T04:55:24.534602Z,ACP: uso informativo; sin licencia abierta declarada,2025-11-02,acp,diaria,false
PAN,ACP.GATUN.NIVEL,Nivel observado del lago Gatún,2025,87.81,pies,https://evtms-rpts.pancanal.com/eng/h2o/Download_Gatun_Lake_Water_Level_History.csv,2026-10-07T04:55:24.534602Z,ACP: uso informativo; sin licencia abierta declarada,2025-11-03,acp,diaria,false
PAN,ACP.GATUN.NIVEL,Nivel observado del lago Gatún,2025,87.85,pies,https://evtms-rpts.pancanal.com/eng/h2o/Download_Gatun_Lake_Water_Level_History.csv,2026-10-07T04:55:24.534602Z,ACP: uso informativo; sin licencia abierta declarada,2025-11-04,acp,diaria,false
PAN,ACP.GATUN.NIVEL,Nivel observado del lago Gatún,2025,87.87,pies,https://evtms-rpts.pancanal.com/eng/h2o/Download_Gatun_Lake_Water_Level_History.csv,2026-10-07T04:55:24.534602Z,ACP: uso informativo; sin licencia abierta declarada,2025-11-05,acp,diaria,false
PAN,ACP.GATUN.NIVEL,Nivel observado del lago Gatún,2025,87.81,pies,https://evtms-rpts.pancanal.com/eng/h2o/Download_Gatun_Lake_Water_Level_History.csv,2026-10-07T04:55:24.534602Z,ACP: uso informativo; sin licencia abierta declarada,2025-11-06,acp,diaria,false
PAN,ACP.GATUN.NIVEL,Nivel observado del lago Gatún,2025,87.78,pies,https://evtms-rpts.pancanal.com/eng/h2o/Download_Gatun_Lake_Water_Level_History.csv,2026-10-07T04:55:24.534602Z,ACP: uso informativo; sin licencia abierta declarada,2025-11-07,acp,diaria,false
PAN,ACP.GATUN.NIVEL,Nivel observado del lago Gatún,2025,87.74,pies,https://evtms-rpts.pancanal.com/eng/h2o/Download_Gatun_Lake_Water_Level_History.csv,2026-10-07T04:55:24.534602Z,ACP: uso informativo; sin licencia abierta declarada,2025-11-08,acp,diaria,false
PAN,ACP.GATUN.NIVEL,Nivel observado del lago Gatún,2025,87.69,pies,https://evtms-rpts.pancanal.com/eng/h2o/Download_Gatun_Lake_Water_Level_History.csv,2026-10-07T04:55:24.534602Z,ACP: uso informativo; sin licencia abierta declarada,2025-11-09,acp,diaria,false
PAN,ACP.GATUN.NIVEL,Nivel observado del lago Gatún,2025,87.8,pies,https://evtms-rpts.pancanal.com/eng/h2o/Download_Gatun_Lake_Water_Level_History.csv,2026-10-07T04:55:24.534602Z,ACP: uso informativo; sin licencia abierta declarada,2025-11-10,acp,diaria,false
PAN,ACP.GATUN.NIVEL,Nivel observado del lago Gatún,2025,87.86,pies,https://evtms-rpts.pancanal.com/eng/h2o/Download_Gatun_Lake_Water_Level_History.csv,2026-10-07T04:55:24.534602Z,ACP: uso informativo; sin licencia abierta declarada,2025-11-11,acp,diaria,false
PAN,ACP.GATUN.NIVEL,Nivel observado del lago Gatún,2025,87.6,pies,https://evtms-rpts.pancanal.com/eng/h2o/Download_Gatun_Lake_Water_Level_History.csv,2026-10-07T04:55:24.534602Z,ACP: uso informativo; sin licencia abierta declarada,2025-11-12,acp,diaria,false
PAN,ACP.GATUN.NIVEL,Nivel observado del lago Gatún,2025,87.57,pies,https://evtms-rpts.pancanal.com/eng/h2o/Download_Gatun_Lake_Water_Level_History.csv,2026-10-07T04:55:24.534602Z,ACP: uso informativo; sin licencia abierta declarada,2025-11-13,acp,diaria,false
PAN,ACP.GATUN.NIVEL,Nivel observado del lago Gatún,2025,87.68,pies,https://evtms-rpts.pancanal.com/eng/h2o/Download_Gatun_Lake_Water_Level_History.csv,2026-10-07T04:55:24.534602Z,ACP: uso informativo; sin licencia abierta declarada,2025-11-14,acp,diaria,false
PAN,ACP.GATUN.NIVEL,Nivel observado del lago Gatún,2025,87.78,pies,https://evtms-rpts.pancanal.com/eng/h2o/Download_Gatun_Lake_Water_Level_History.csv,2026-10-07T04:55:24.534602Z,ACP: uso informativo; sin licencia abierta declarada,2025-11-15,acp,diaria,false
PAN,ACP.GATUN.NIVEL,Nivel observado del lago Gatún,2025,87.96,pies,https://evtms-rpts.pancanal.com/eng/h2o/Download_Gatun_Lake_Water_Level_History.csv,2026-10-07T04:55:24.534602Z,ACP: uso informativo; sin licencia abierta declarada,2025-11-16,acp,diaria,false
PAN,ACP.GATUN.NIVEL,Nivel observado del lago Gatún,2025,88.01,pies,https://evtms-rpts.pancanal.com/eng/h2o/Download_Gatun_Lake_Water_Level_History.csv,2026-10-07T04:55:24.534602Z,ACP: uso informativo; sin licencia abierta declarada,2025-11-17,acp,diaria,false
PAN,ACP.GATUN.NIVEL,Nivel observado del lago Gatún,2025,88.06,pies,https://evtms-rpts.pancanal.com/eng/h2o/Download_Gatun_Lake_Water_Level_History.csv,2026-10-07T04:55:24.534602Z,ACP: uso informativo; sin licencia abierta declarada,2025-11-18,acp,diaria,false
PAN,ACP.GATUN.NIVEL,Nivel observado del lago Gatún,2025,88.56,pies,https://evtms-rpts.pancanal.com/eng/h2o/Download_Gatun_Lake_Water_Level_History.csv,2026-10-07T04:55:24.534602Z,ACP: uso informativo; sin licencia abierta declarada,2025-11-19,acp,diaria,false
PAN,ACP.GATUN.NIVEL,Nivel observado del lago Gatún,2025,88.57,pies,https://evtms-rpts.pancanal.com/eng/h2o/Download_Gatun_Lake_Water_Level_History.csv,2026-10-07T04:55:24.534602Z,ACP: uso informativo; sin licencia abierta declarada,2025-11-20,acp,diaria,false
PAN,ACP.GATUN.NIVEL,Nivel observado del lago Gatún,2025,88.49,pies,https://evtms-rpts.pancanal.com/eng/h2o/Download_Gatun_Lake_Water_Level_History.csv,2026-10-07T04:55:24.534602Z,ACP: uso informativo; sin licencia abierta declarada,2025-11-21,acp,diaria,false
PAN,ACP.GATUN.NIVEL,Nivel observado del lago Gatún,2025,88.53,pies,https://evtms-rpts.pancanal.com/eng/h2o/Download_Gatun_Lake_Water_Level_History.csv,2026-10-07T04:55:24.534602Z,ACP: uso informativo; sin licencia abierta declarada,2025-11-22,acp,diaria,false
PAN,ACP.GATUN.NIVEL,Nivel observado del lago Gatún,2025,88.57,pies,https://evtms-rpts.pancanal.com/eng/h2o/Download_Gatun_Lake_Water_Level_History.csv,2026-10-07T04:55:24.534602Z,ACP: uso informativo; sin licencia abierta declarada,2025-11-23,acp,diaria,false
PAN,ACP.GATUN.NIVEL,Nivel observado del lago Gatún,2025,88.52,pies,https://evtms-rpts.pancanal.com/eng/h2o/Download_Gatun_Lake_Water_Level_History.csv,2026-10-07T04:55:24.534602Z,ACP: uso informativo; sin licencia abierta declarada,2025-11-24,acp,diaria,false
PAN,ACP.GATUN.NIVEL,Nivel observado del lago Gatún,2025,88.57,pies,https://evtms-rpts.pancanal.com/eng/h2o/Download_Gatun_Lake_Water_Level_History.csv,2026-10-07T04:55:24.534602Z,ACP: uso informativo; sin licencia abierta declarada,2025-11-25,acp,diaria,false
PAN,ACP.GATUN.NIVEL,Nivel observado del lago Gatún,2025,88.73,pies,https://evtms-rpts.pancanal.com/eng/h2o/Download_Gatun_Lake_Water_Level_History.csv,2026-10-07T04:55:24.534602Z,ACP: uso informativo; sin licencia abierta declarada,2025-11-26,acp,diaria,false
PAN,ACP.GATUN.NIVEL,Nivel observado del lago Gatún,2025,88.78,pies,https://evtms-rpts.pancanal.com/eng/h2o/Download_Gatun_Lake_Water_Level_History.csv,2026-10-07T04:55:24.534602Z,ACP: uso informativo; sin licencia abierta declarada,2025-11-27,acp,diaria,false
PAN,ACP.GATUN.NIVEL,Nivel observado del lago Gatún,2025,88.84,pies,https://evtms-rpts.pancanal.com/eng/h2o/Download_Gatun_Lake_Water_Level_History.csv,2026-10-07T04:55:24.534602Z,ACP: uso informativo; sin licencia abierta declarada,2025-11-28,acp,diaria,false
PAN,ACP.GATUN.NIVEL,Nivel observado del lago Gatún,2025,88.91,pies,https://evtms-rpts.pancanal.com/eng/h2o/Download_Gatun_Lake_Water_Level_History.csv,2026-10-07T04:55:24.534602Z,ACP: uso informativo; sin licencia abierta declarada,2025-11-29,acp,diaria,false
PAN,ACP.GATUN.NIVEL,Nivel observado del lago Gatún,2025,88.89,pies,https://evtms-rpts.pancanal.com/eng/h2o/Download_Gatun_Lake_Water_Level_History.csv,2026-10-07T04:55:24.534602Z,ACP: uso informativo; sin licencia abierta declarada,2025-11-30,acp,diaria,false
PAN,ACP.GATUN.NIVEL,Nivel observado del lago Gatún,2025,88.72,pies,https://evtms-rpts.pancanal.com/eng/h2o/Download_Gatun_Lake_Water_Level_History.csv,2026-10-07T04:55:24.534602Z,ACP: uso informativo; sin licencia abierta declarada,2025-12-01,acp,diaria,false
PAN,ACP.GATUN.NIVEL,Nivel observado del lago Gatún,2025,88.84,pies,https://evtms-rpts.pancanal.com/eng/h2o/Download_Gatun_Lake_Water_Level_History.csv,2026-10-07T04:55:24.534602Z,ACP: uso informativo; sin licencia abierta declarada,2025-12-02,acp,diaria,false
PAN,ACP.GATUN.NIVEL,Nivel observado del lago Gatún,2025,88.75,pies,https://evtms-rpts.pancanal.com/eng/h2o/Download_Gatun_Lake_Water_Level_History.csv,2026-10-07T04:55:24.534602Z,ACP: uso informativo; sin licencia abierta declarada,2025-12-03,acp,diaria,false
PAN,ACP.GATUN.NIVEL,Nivel observado del lago Gatún,2025,88.72,pies,https://evtms-rpts.pancanal.com/eng/h2o/Download_Gatun_Lake_Water_Level_History.csv,2026-10-07T04:55:24.534602Z,ACP: uso informativo; sin licencia abierta declarada,2025-12-04,acp,diaria,false
PAN,ACP.GATUN.NIVEL,Nivel observado del lago Gatún,2025,88.71,pies,https://evtms-rpts.pancanal.com/eng/h2o/Download_Gatun_Lake_Water_Level_History.csv,2026-10-07T04:55:24.534602Z,ACP: uso informativo; sin licencia abierta declarada,2025-12-05,acp,diaria,false
PAN,ACP.GATUN.NIVEL,Nivel observado del lago Gatún,2025,88.71,pies,https://evtms-rpts.pancanal.com/eng/h2o/Download_Gatun_Lake_Water_Level_History.csv,2026-10-07T04:55:24.534602Z,ACP: uso informativo; sin licencia abierta declarada,2025-12-06,acp,diaria,false
PAN,ACP.GATUN.NIVEL,Nivel observado del lago Gatún,2025,88.7,pies,https://evtms-rpts.pancanal.com/eng/h2o/Download_Gatun_Lake_Water_Level_History.csv,2026-10-07T04:55:24.534602Z,ACP: uso informativo; sin licencia abierta declarada,2025-12-07,acp,diaria,false
PAN,ACP.GATUN.NIVEL,Nivel observado del lago Gatún,2025,88.71,pies,https://evtms-rpts.pancanal.com/eng/h2o/Download_Gatun_Lake_Water_Level_History.csv,2026-10-07T04:55:24.534602Z,ACP: uso informativo; sin licencia abierta declarada,2025-12-08,acp,diaria,false
PAN,ACP.GATUN.NIVEL,Nivel observado del lago Gatún,2025,88.75,pies,https://evtms-rpts.pancanal.com/eng/h2o/Download_Gatun_Lake_Water_Level_History.csv,2026-10-07T04:55:24.534602Z,ACP: uso informativo; sin licencia abierta declarada,2025-12-09,acp,diaria,false
PAN,ACP.GATUN.NIVEL,Nivel observado del lago Gatún,2025,88.76,pies,https://evtms-rpts.pancanal.com/eng/h2o/Download_Gatun_Lake_Water_Level_History.csv,2026-10-07T04:55:24.534602Z,ACP: uso informativo; sin licencia abierta declarada,2025-12-10,acp,diaria,false
PAN,ACP.GATUN.NIVEL,Nivel observado del lago Gatún,2025,88.71,pies,https://evtms-rpts.pancanal.com/eng/h2o/Download_Gatun_Lake_Water_Level_History.csv,2026-10-07T04:55:24.534602Z,ACP: uso informativo; sin licencia abierta declarada,2025-12-11,acp,diaria,false
PAN,ACP.GATUN.NIVEL,Nivel observado del lago Gatún,2025,88.76,pies,https://evtms-rpts.pancanal.com/eng/h2o/Download_Gatun_Lake_Water_Level_History.csv,2026-10-07T04:55:24.534602Z,ACP: uso informativo; sin licencia abierta declarada,2025-12-12,acp,diaria,false
PAN,ACP.GATUN.NIVEL,Nivel observado del lago Gatún,2025,88.7,pies,https://evtms-rpts.pancanal.com/eng/h2o/Download_Gatun_Lake_Water_Level_History.csv,2026-10-07T04:55:24.534602Z,ACP: uso informativo; sin licencia abierta declarada,2025-12-13,acp,diaria,false
PAN,ACP.GATUN.NIVEL,Nivel observado del lago Gatún,2025,88.66,pies,https://evtms-rpts.pancanal.com/eng/h2o/Download_Gatun_Lake_Water_Level_History.csv,2026-10-07T04:55:24.534602Z,ACP: uso informativo; sin licencia abierta declarada,2025-12-14,acp,diaria,false
PAN,ACP.GATUN.NIVEL,Nivel observado del lago Gatún,2025,88.72,pies,https://evtms-rpts.pancanal.com/eng/h2o/Download_Gatun_Lake_Water_Level_History.csv,2026-10-07T04:55:24.534602Z,ACP: uso informativo; sin licencia abierta declarada,2025-12-15,acp,diaria,false
PAN,ACP.GATUN.NIVEL,Nivel observado del lago Gatún,2025,88.81,pies,https://evtms-rpts.pancanal.com/eng/h2o/Download_Gatun_Lake_Water_Level_History.csv,2026-10-07T04:55:24.534602Z,ACP: uso informativo; sin licencia abierta declarada,2025-12-16,acp,diaria,false
PAN,ACP.GATUN.NIVEL,Nivel observado del lago Gatún,2025,88.8,pies,https://evtms-rpts.pancanal.com/eng/h2o/Download_Gatun_Lake_Water_Level_History.csv,2026-10-07T04:55:24.534602Z,ACP: uso informativo; sin licencia abierta declarada,2025-12-17,acp,diaria,false
PAN,ACP.GATUN.NIVEL,Nivel observado del lago Gatún,2025,88.88,pies,https://evtms-rpts.pancanal.com/eng/h2o/Download_Gatun_Lake_Water_Level_History.csv,2026-10-07T04:55:24.534602Z,ACP: uso informativo; sin licencia abierta declarada,2025-12-18,acp,diaria,false
PAN,ACP.GATUN.NIVEL,Nivel observado del lago Gatún,2025,88.85,pies,https://evtms-rpts.pancanal.com/eng/h2o/Download_Gatun_Lake_Water_Level_History.csv,2026-10-07T04:55:24.534602Z,ACP: uso informativo; sin licencia abierta declarada,2025-12-19,acp,diaria,false
PAN,ACP.GATUN.NIVEL,Nivel observado del lago Gatún,2025,88.8,pies,https://evtms-rpts.pancanal.com/eng/h2o/Download_Gatun_Lake_Water_Level_History.csv,2026-10-07T04:55:24.534602Z,ACP: uso informativo; sin licencia abierta declarada,2025-12-20,acp,diaria,false
PAN,ACP.GATUN.NIVEL,Nivel observado del lago Gatún,2025,88.78,pies,https://evtms-rpts.pancanal.com/eng/h2o/Download_Gatun_Lake_Water_Level_History.csv,2026-10-07T04:55:24.534602Z,ACP: uso informativo; sin licencia abierta declarada,2025-12-21,acp,diaria,false
PAN,ACP.GATUN.NIVEL,Nivel observado del lago Gatún,2025,88.79,pies,https://evtms-rpts.pancanal.com/eng/h2o/Download_Gatun_Lake_Water_Level_History.csv,2026-10-07T04:55:24.534602Z,ACP: uso informativo; sin licencia abierta declarada,2025-12-22,acp,diaria,false
PAN,ACP.GATUN.NIVEL,Nivel observado del lago Gatún,2025,88.78,pies,https://evtms-rpts.pancanal.com/eng/h2o/Download_Gatun_Lake_Water_Level_History.csv,2026-10-07T04:55:24.534602Z,ACP: uso informativo; sin licencia abierta declarada,2025-12-23,acp,diaria,false
PAN,ACP.GATUN.NIVEL,Nivel observado del lago Gatún,2025,88.78,pies,https://evtms-rpts.pancanal.com/eng/h2o/Download_Gatun_Lake_Water_Level_History.csv,2026-10-07T04:55:24.534602Z,ACP: uso informativo; sin licencia abierta declarada,2025-12-24,acp,diaria,false
PAN,ACP.GATUN.NIVEL,Nivel observado del lago Gatún,2025,88.77,pies,https://evtms-rpts.pancanal.com/eng/h2o/Download_Gatun_Lake_Water_Level_History.csv,2026-10-07T04:55:24.534602Z,ACP: uso informativo; sin licencia abierta declarada,2025-12-25,acp,diaria,false
PAN,ACP.GATUN.NIVEL,Nivel observado del lago Gatún,2025,88.75,pies,https://evtms-rpts.pancanal.com/eng/h2o/Download_Gatun_Lake_Water_Level_History.csv,2026-10-07T04:55:24.534602Z,ACP: uso informativo; sin licencia abierta declarada,2025-12-26,acp,diaria,false
PAN,ACP.GATUN.NIVEL,Nivel observado del lago Gatún,2025,88.76,pies,https://evtms-rpts.pancanal.com/eng/h2o/Download_Gatun_Lake_Water_Level_History.csv,2026-10-07T04:55:24.534602Z,ACP: uso informativo; sin licencia abierta declarada,2025-12-27,acp,diaria,false
PAN,ACP.GATUN.NIVEL,Nivel observado del lago Gatún,2025,88.76,pies,https://evtms-rpts.pancanal.com/eng/h2o/Download_Gatun_Lake_Water_Level_History.csv,2026-10-07T04:55:24.534602Z,ACP: uso informativo; sin licencia abierta declarada,2025-12-28,acp,diaria,false
PAN,ACP.GATUN.NIVEL,Nivel observado del lago Gatún,2025,88.75,pies,https://evtms-rpts.pancanal.com/eng/h2o/Download_Gatun_Lake_Water_Level_History.csv,2026-10-07T04:55:24.534602Z,ACP: uso informativo; sin licencia abierta declarada,2025-12-29,acp,diaria,false
PAN,ACP.GATUN.NIVEL,Nivel observado del lago Gatún,2025,88.73,pies,https://evtms-rpts.pancanal.com/eng/h2o/Download_Gatun_Lake_Water_Level_History.csv,2026-10-07T04:55:24.534602Z,ACP: uso informativo; sin licencia abierta declarada,2025-12-30,acp,diaria,false
PAN,ACP.GATUN.NIVEL,Nivel observado del lago Gatún,2025,88.71,pies,https://evtms-rpts.pancanal.com/eng/h2o/Download_Gatun_Lake_Water_Level_History.csv,2026-10-07T04:55:24.534602Z,ACP: uso informativo; sin licencia abierta declarada,2025-12-31,acp,diaria,false
PAN,ACP.GATUN.NIVEL,Nivel observado del lago Gatún,2026,88.87,pies,https://evtms-rpts.pancanal.com/eng/h2o/Download_Gatun_Lake_Water_Level_History.csv,2026-10-07T04:55:24.534602Z,ACP: uso informativo; sin licencia abierta declarada,2026-01-01,acp,diaria,false
PAN,ACP.GATUN.NIVEL,Nivel observado del lago Gatún,2026,88.83,pies,https://evtms-rpts.pancanal.com/eng/h2o/Download_Gatun_Lake_Water_Level_History.csv,2026-10-07T04:55:24.534602Z,ACP: uso informativo; sin licencia abierta declarada,2026-01-02,acp,diaria,false
PAN,ACP.GATUN.NIVEL,Nivel observado del lago Gatún,2026,88.81,pies,https://evtms-rpts.pancanal.com/eng/h2o/Download_Gatun_Lake_Water_Level_History.csv,2026-10-07T04:55:24.534602Z,ACP: uso informativo; sin licencia abierta declarada,2026-01-03,acp,diaria,false
PAN,ACP.GATUN.NIVEL,Nivel observado del lago Gatún,2026,88.81,pies,https://evtms-rpts.pancanal.com/eng/h2o/Download_Gatun_Lake_Water_Level_History.csv,2026-10-07T04:55:24.534602Z,ACP: uso informativo; sin licencia abierta declarada,2026-01-04,acp,diaria,false
PAN,ACP.GATUN.NIVEL,Nivel observado del lago Gatún,2026,88.82,pies,https://evtms-rpts.pancanal.com/eng/h2o/Download_Gatun_Lake_Water_Level_History.csv,2026-10-07T04:55:24.534602Z,ACP: uso informativo; sin licencia abierta declarada,2026-01-05,acp,diaria,false
PAN,ACP.GATUN.NIVEL,Nivel observado del lago Gatún,2026,88.83,pies,https://evtms-rpts.pancanal.com/eng/h2o/Download_Gatun_Lake_Water_Level_History.csv,2026-10-07T04:55:24.534602Z,ACP: uso informativo; sin licencia abierta declarada,2026-01-06,acp,diaria,false
PAN,ACP.GATUN.NIVEL,Nivel observado del lago Gatún,2026,88.84,pies,https://evtms-rpts.pancanal.com/eng/h2o/Download_Gatun_Lake_Water_Level_History.csv,2026-10-07T04:55:24.534602Z,ACP: uso informativo; sin licencia abierta declarada,2026-01-07,acp,diaria,false
PAN,ACP.GATUN.NIVEL,Nivel observado del lago Gatún,2026,88.8,pies,https://evtms-rpts.pancanal.com/eng/h2o/Download_Gatun_Lake_Water_Level_History.csv,2026-10-07T04:55:24.534602Z,ACP: uso informativo; sin licencia abierta declarada,2026-01-08,acp,diaria,false
PAN,ACP.GATUN.NIVEL,Nivel observado del lago Gatún,2026,88.76,pies,https://evtms-rpts.pancanal.com/eng/h2o/Download_Gatun_Lake_Water_Level_History.csv,2026-10-07T04:55:24.534602Z,ACP: uso informativo; sin licencia abierta declarada,2026-01-09,acp,diaria,false
PAN,ACP.GATUN.NIVEL,Nivel observado del lago Gatún,2026,88.74,pies,https://evtms-rpts.pancanal.com/eng/h2o/Download_Gatun_Lake_Water_Level_History.csv,2026-10-07T04:55:24.534602Z,ACP: uso informativo; sin licencia abierta declarada,2026-01-10,acp,diaria,false
PAN,ACP.GATUN.NIVEL,Nivel observado del lago Gatún,2026,88.72,pies,https://evtms-rpts.pancanal.com/eng/h2o/Download_Gatun_Lake_Water_Level_History.csv,2026-10-07T04:55:24.534602Z,ACP: uso informativo; sin licencia abierta declarada,2026-01-11,acp,diaria,false
PAN,ACP.GATUN.NIVEL,Nivel observado del lago Gatún,2026,88.7,pies,https://evtms-rpts.pancanal.com/eng/h2o/Download_Gatun_Lake_Water_Level_History.csv,2026-10-07T04:55:24.534602Z,ACP: uso informativo; sin licencia abierta declarada,2026-01-12,acp,diaria,false
PAN,ACP.GATUN.NIVEL,Nivel observado del lago Gatún,2026,88.72,pies,https://evtms-rpts.pancanal.com/eng/h2o/Download_Gatun_Lake_Water_Level_History.csv,2026-10-07T04:55:24.534602Z,ACP: uso informativo; sin licencia abierta declarada,2026-01-13,acp,diaria,false
PAN,ACP.GATUN.NIVEL,Nivel observado del lago Gatún,2026,88.7,pies,https://evtms-rpts.pancanal.com/eng/h2o/Download_Gatun_Lake_Water_Level_History.csv,2026-10-07T04:55:24.534602Z,ACP: uso informativo; sin licencia abierta declarada,2026-01-14,acp,diaria,false
PAN,ACP.GATUN.NIVEL,Nivel observado del lago Gatún,2026,88.84,pies,https://evtms-rpts.pancanal.com/eng/h2o/Download_Gatun_Lake_Water_Level_History.csv,2026-10-07T04:55:24.534602Z,ACP: uso informativo; sin licencia abierta declarada,2026-01-15,acp,diaria,false
PAN,ACP.GATUN.NIVEL,Nivel observado del lago Gatún,2026,88.91,pies,https://evtms-rpts.pancanal.com/eng/h2o/Download_Gatun_Lake_Water_Level_History.csv,2026-10-07T04:55:24.534602Z,ACP: uso informativo; sin licencia abierta declarada,2026-01-16,acp,diaria,false
PAN,ACP.GATUN.NIVEL,Nivel observado del lago Gatún,2026,88.86,pies,https://evtms-rpts.pancanal.com/eng/h2o/Download_Gatun_Lake_Water_Level_History.csv,2026-10-07T04:55:24.534602Z,ACP: uso informativo; sin licencia abierta declarada,2026-01-17,acp,diaria,false
PAN,ACP.GATUN.NIVEL,Nivel observado del lago Gatún,2026,88.78,pies,https://evtms-rpts.pancanal.com/eng/h2o/Download_Gatun_Lake_Water_Level_History.csv,2026-10-07T04:55:24.534602Z,ACP: uso informativo; sin licencia abierta declarada,2026-01-18,acp,diaria,false
PAN,ACP.GATUN.NIVEL,Nivel observado del lago Gatún,2026,88.8,pies,https://evtms-rpts.pancanal.com/eng/h2o/Download_Gatun_Lake_Water_Level_History.csv,2026-10-07T04:55:24.534602Z,ACP: uso informativo; sin licencia abierta declarada,2026-01-19,acp,diaria,false
PAN,ACP.GATUN.NIVEL,Nivel observado del lago Gatún,2026,88.82,pies,https://evtms-rpts.pancanal.com/eng/h2o/Download_Gatun_Lake_Water_Level_History.csv,2026-10-07T04:55:24.534602Z,ACP: uso informativo; sin licencia abierta declarada,2026-01-20,acp,diaria,false
PAN,ACP.GATUN.NIVEL,Nivel observado del lago Gatún,2026,88.79,pies,https://evtms-rpts.pancanal.com/eng/h2o/Download_Gatun_Lake_Water_Level_History.csv,2026-10-07T04:55:24.534602Z,ACP: uso informativo; sin licencia abierta declarada,2026-01-21,acp,diaria,false
PAN,ACP.GATUN.NIVEL,Nivel observado del lago Gatún,2026,88.79,pies,https://evtms-rpts.pancanal.com/eng/h2o/Download_Gatun_Lake_Water_Level_History.csv,2026-10-07T04:55:24.534602Z,ACP: uso informativo; sin licencia abierta declarada,2026-01-22,acp,diaria,false
PAN,ACP.GATUN.NIVEL,Nivel observado del lago Gatún,2026,88.78,pies,https://evtms-rpts.pancanal.com/eng/h2o/Download_Gatun_Lake_Water_Level_History.csv,2026-10-07T04:55:24.534602Z,ACP: uso informativo; sin licencia abierta declarada,2026-01-23,acp,diaria,false
PAN,ACP.GATUN.NIVEL,Nivel observado del lago Gatún,2026,88.74,pies,https://evtms-rpts.pancanal.com/eng/h2o/Download_Gatun_Lake_Water_Level_History.csv,2026-10-07T04:55:24.534602Z,ACP: uso informativo; sin licencia abierta declarada,2026-01-24,acp,diaria,false
PAN,ACP.GATUN.NIVEL,Nivel observado del lago Gatún,2026,88.7,pies,https://evtms-rpts.pancanal.com/eng/h2o/Download_Gatun_Lake_Water_Level_History.csv,2026-10-07T04:55:24.534602Z,ACP: uso informativo; sin licencia abierta declarada,2026-01-25,acp,diaria,false
PAN,ACP.GATUN.NIVEL,Nivel observado del lago Gatún,2026,88.7,pies,https://evtms-rpts.pancanal.com/eng/h2o/Download_Gatun_Lake_Water_Level_History.csv,2026-10-07T04:55:24.534602Z,ACP: uso informativo; sin licencia abierta declarada,2026-01-26,acp,diaria,false
PAN,ACP.GATUN.NIVEL,Nivel observado del lago Gatún,2026,88.68,pies,https://evtms-rpts.pancanal.com/eng/h2o/Download_Gatun_Lake_Water_Level_History.csv,2026-10-07T04:55:24.534602Z,ACP: uso informativo; sin licencia abierta declarada,2026-01-27,acp,diaria,false
PAN,ACP.GATUN.NIVEL,Nivel observado del lago Gatún,2026,88.65,pies,https://evtms-rpts.pancanal.com/eng/h2o/Download_Gatun_Lake_Water_Level_History.csv,2026-10-07T04:55:24.534602Z,ACP: uso informativo; sin licencia abierta declarada,2026-01-28,acp,diaria,false
PAN,ACP.GATUN.NIVEL,Nivel observado del lago Gatún,2026,88.62,pies,https://evtms-rpts.pancanal.com/eng/h2o/Download_Gatun_Lake_Water_Level_History.csv,2026-10-07T04:55:24.534602Z,ACP: uso informativo; sin licencia abierta declarada,2026-01-29,acp,diaria,false
PAN,ACP.GATUN.NIVEL,Nivel observado del lago Gatún,2026,88.57,pies,https://evtms-rpts.pancanal.com/eng/h2o/Download_Gatun_Lake_Water_Level_History.csv,2026-10-07T04:55:24.534602Z,ACP: uso informativo; sin licencia abierta declarada,2026-01-30,acp,diaria,false
PAN,ACP.GATUN.NIVEL,Nivel observado del lago Gatún,2026,88.53,pies,https://evtms-rpts.pancanal.com/eng/h2o/Download_Gatun_Lake_Water_Level_History.csv,2026-10-07T04:55:24.534602Z,ACP: uso informativo; sin licencia abierta declarada,2026-01-31,acp,diaria,false
PAN,ACP.GATUN.NIVEL,Nivel observado del lago Gatún,2026,88.51,pies,https://evtms-rpts.pancanal.com/eng/h2o/Download_Gatun_Lake_Water_Level_History.csv,2026-10-07T04:55:24.534602Z,ACP: uso informativo; sin licencia abierta declarada,2026-02-01,acp,diaria,false
PAN,ACP.GATUN.NIVEL,Nivel observado del lago Gatún,2026,88.47,pies,https://evtms-rpts.pancanal.com/eng/h2o/Download_Gatun_Lake_Water_Level_History.csv,2026-10-07T04:55:24.534602Z,ACP: uso informativo; sin licencia abierta declarada,2026-02-02,acp,diaria,false
PAN,ACP.GATUN.NIVEL,Nivel observado del lago Gatún,2026,88.43,pies,https://evtms-rpts.pancanal.com/eng/h2o/Download_Gatun_Lake_Water_Level_History.csv,2026-10-07T04:55:24.534602Z,ACP: uso informativo; sin licencia abierta declarada,2026-02-03,acp,diaria,false
PAN,ACP.GATUN.NIVEL,Nivel observado del lago Gatún,2026,88.44,pies,https://evtms-rpts.pancanal.com/eng/h2o/Download_Gatun_Lake_Water_Level_History.csv,2026-10-07T04:55:24.534602Z,ACP: uso informativo; sin licencia abierta declarada,2026-02-04,acp,diaria,false
PAN,ACP.GATUN.NIVEL,Nivel observado del lago Gatún,2026,88.49,pies,https://evtms-rpts.pancanal.com/eng/h2o/Download_Gatun_Lake_Water_Level_History.csv,2026-10-07T04:55:24.534602Z,ACP: uso informativo; sin licencia abierta declarada,2026-02-05,acp,diaria,false
PAN,ACP.GATUN.NIVEL,Nivel observado del lago Gatún,2026,88.9,pies,https://evtms-rpts.pancanal.com/eng/h2o/Download_Gatun_Lake_Water_Level_History.csv,2026-10-07T04:55:24.534602Z,ACP: uso informativo; sin licencia abierta declarada,2026-02-06,acp,diaria,false
PAN,ACP.GATUN.NIVEL,Nivel observado del lago Gatún,2026,88.78,pies,https://evtms-rpts.pancanal.com/eng/h2o/Download_Gatun_Lake_Water_Level_History.csv,2026-10-07T04:55:24.534602Z,ACP: uso informativo; sin licencia abierta declarada,2026-02-07,acp,diaria,false
PAN,ACP.GATUN.NIVEL,Nivel observado del lago Gatún,2026,88.72,pies,https://evtms-rpts.pancanal.com/eng/h2o/Download_Gatun_Lake_Water_Level_History.csv,2026-10-07T04:55:24.534602Z,ACP: uso informativo; sin licencia abierta declarada,2026-02-08,acp,diaria,false
PAN,ACP.GATUN.NIVEL,Nivel observado del lago Gatún,2026,88.73,pies,https://evtms-rpts.pancanal.com/eng/h2o/Download_Gatun_Lake_Water_Level_History.csv,2026-10-07T04:55:24.534602Z,ACP: uso informativo; sin licencia abierta declarada,2026-02-09,acp,diaria,false
PAN,ACP.GATUN.NIVEL,Nivel observado del lago Gatún,2026,88.74,pies,https://evtms-rpts.pancanal.com/eng/h2o/Download_Gatun_Lake_Water_Level_History.csv,2026-10-07T04:55:24.534602Z,ACP: uso informativo; sin licencia abierta declarada,2026-02-10,acp,diaria,false
PAN,ACP.GATUN.NIVEL,Nivel observado del lago Gatún,2026,88.73,pies,https://evtms-rpts.pancanal.com/eng/h2o/Download_Gatun_Lake_Water_Level_History.csv,2026-10-07T04:55:24.534602Z,ACP: uso informativo; sin licencia abierta declarada,2026-02-11,acp,diaria,false
PAN,ACP.GATUN.NIVEL,Nivel observado del lago Gatún,2026,88.72,pies,https://evtms-rpts.pancanal.com/eng/h2o/Download_Gatun_Lake_Water_Level_History.csv,2026-10-07T04:55:24.534602Z,ACP: uso informativo; sin licencia abierta declarada,2026-02-12,acp,diaria,false
PAN,ACP.GATUN.NIVEL,Nivel observado del lago Gatún,2026,88.69,pies,https://evtms-rpts.pancanal.com/eng/h2o/Download_Gatun_Lake_Water_Level_History.csv,2026-10-07T04:55:24.534602Z,ACP: uso informativo; sin licencia abierta declarada,2026-02-13,acp,diaria,false
PAN,ACP.GATUN.NIVEL,Nivel observado del lago Gatún,2026,88.65,pies,https://evtms-rpts.pancanal.com/eng/h2o/Download_Gatun_Lake_Water_Level_History.csv,2026-10-07T04:55:24.534602Z,ACP: uso informativo; sin licencia abierta declarada,2026-02-14,acp,diaria,false
PAN,ACP.GATUN.NIVEL,Nivel observado del lago Gatún,2026,88.61,pies,https://evtms-rpts.pancanal.com/eng/h2o/Download_Gatun_Lake_Water_Level_History.csv,2026-10-07T04:55:24.534602Z,ACP: uso informativo; sin licencia abierta declarada,2026-02-15,acp,diaria,false
PAN,ACP.GATUN.NIVEL,Nivel observado del lago Gatún,2026,88.57,pies,https://evtms-rpts.pancanal.com/eng/h2o/Download_Gatun_Lake_Water_Level_History.csv,2026-10-07T04:55:24.534602Z,ACP: uso informativo; sin licencia abierta declarada,2026-02-16,acp,diaria,false
PAN,ACP.GATUN.NIVEL,Nivel observado del lago Gatún,2026,88.59,pies,https://evtms-rpts.pancanal.com/eng/h2o/Download_Gatun_Lake_Water_Level_History.csv,2026-10-07T04:55:24.534602Z,ACP: uso informativo; sin licencia abierta declarada,2026-02-17,acp,diaria,false
PAN,ACP.GATUN.NIVEL,Nivel observado del lago Gatún,2026,88.59,pies,https://evtms-rpts.pancanal.com/eng/h2o/Download_Gatun_Lake_Water_Level_History.csv,2026-10-07T04:55:24.534602Z,ACP: uso informativo; sin licencia abierta declarada,2026-02-18,acp,diaria,false
PAN,ACP.GATUN.NIVEL,Nivel observado del lago Gatún,2026,88.62,pies,https://evtms-rpts.pancanal.com/eng/h2o/Download_Gatun_Lake_Water_Level_History.csv,2026-10-07T04:55:24.534602Z,ACP: uso informativo; sin licencia abierta declarada,2026-02-19,acp,diaria,false
PAN,ACP.GATUN.NIVEL,Nivel observado del lago Gatún,2026,88.67,pies,https://evtms-rpts.pancanal.com/eng/h2o/Download_Gatun_Lake_Water_Level_History.csv,2026-10-07T04:55:24.534602Z,ACP: uso informativo; sin licencia abierta declarada,2026-02-20,acp,diaria,false
PAN,ACP.GATUN.NIVEL,Nivel observado del lago Gatún,2026,88.71,pies,https://evtms-rpts.pancanal.com/eng/h2o/Download_Gatun_Lake_Water_Level_History.csv,2026-10-07T04:55:24.534602Z,ACP: uso informativo; sin licencia abierta declarada,2026-02-21,acp,diaria,false
PAN,ACP.GATUN.NIVEL,Nivel observado del lago Gatún,2026,88.71,pies,https://evtms-rpts.pancanal.com/eng/h2o/Download_Gatun_Lake_Water_Level_History.csv,2026-10-07T04:55:24.534602Z,ACP: uso informativo; sin licencia abierta declarada,2026-02-22,acp,diaria,false
PAN,ACP.GATUN.NIVEL,Nivel observado del lago Gatún,2026,88.72,pies,https://evtms-rpts.pancanal.com/eng/h2o/Download_Gatun_Lake_Water_Level_History.csv,2026-10-07T04:55:24.534602Z,ACP: uso informativo; sin licencia abierta declarada,2026-02-23,acp,diaria,false
PAN,ACP.GATUN.NIVEL,Nivel observado del lago Gatún,2026,88.77,pies,https://evtms-rpts.pancanal.com/eng/h2o/Download_Gatun_Lake_Water_Level_History.csv,2026-10-07T04:55:24.534602Z,ACP: uso informativo; sin licencia abierta declarada,2026-02-24,acp,diaria,false
PAN,ACP.GATUN.NIVEL,Nivel observado del lago Gatún,2026,88.78,pies,https://evtms-rpts.pancanal.com/eng/h2o/Download_Gatun_Lake_Water_Level_History.csv,2026-10-07T04:55:24.534602Z,ACP: uso informativo; sin licencia abierta declarada,2026-02-25,acp,diaria,false
PAN,ACP.GATUN.NIVEL,Nivel observado del lago Gatún,2026,88.79,pies,https://evtms-rpts.pancanal.com/eng/h2o/Download_Gatun_Lake_Water_Level_History.csv,2026-10-07T04:55:24.534602Z,ACP: uso informativo; sin licencia abierta declarada,2026-02-26,acp,diaria,false
PAN,ACP.GATUN.NIVEL,Nivel observado del lago Gatún,2026,88.78,pies,https://evtms-rpts.pancanal.com/eng/h2o/Download_Gatun_Lake_Water_Level_History.csv,2026-10-07T04:55:24.534602Z,ACP: uso informativo; sin licencia abierta declarada,2026-02-27,acp,diaria,false
PAN,ACP.GATUN.NIVEL,Nivel observado del lago Gatún,2026,88.75,pies,https://evtms-rpts.pancanal.com/eng/h2o/Download_Gatun_Lake_Water_Level_History.csv,2026-10-07T04:55:24.534602Z,ACP: uso informativo; sin licencia abierta declarada,2026-02-28,acp,diaria,false
PAN,ACP.GATUN.NIVEL,Nivel observado del lago Gatún,2026,88.72,pies,https://evtms-rpts.pancanal.com/eng/h2o/Download_Gatun_Lake_Water_Level_History.csv,2026-10-07T04:55:24.534602Z,ACP: uso informativo; sin licencia abierta declarada,2026-03-01,acp,diaria,false
PAN,ACP.GATUN.NIVEL,Nivel observado del lago Gatún,2026,88.68,pies,https://evtms-rpts.pancanal.com/eng/h2o/Download_Gatun_Lake_Water_Level_History.csv,2026-10-07T04:55:24.534602Z,ACP: uso informativo; sin licencia abierta declarada,2026-03-02,acp,diaria,false
PAN,ACP.GATUN.NIVEL,Nivel observado del lago Gatún,2026,88.62,pies,https://evtms-rpts.pancanal.com/eng/h2o/Download_Gatun_Lake_Water_Level_History.csv,2026-10-07T04:55:24.534602Z,ACP: uso informativo; sin licencia abierta declarada,2026-03-03,acp,diaria,false
PAN,ACP.GATUN.NIVEL,Nivel observado del lago Gatún,2026,88.58,pies,https://evtms-rpts.pancanal.com/eng/h2o/Download_Gatun_Lake_Water_Level_History.csv,2026-10-07T04:55:24.534602Z,ACP: uso informativo; sin licencia abierta declarada,2026-03-04,acp,diaria,false
PAN,ACP.GATUN.NIVEL,Nivel observado del lago Gatún,2026,88.54,pies,https://evtms-rpts.pancanal.com/eng/h2o/Download_Gatun_Lake_Water_Level_History.csv,2026-10-07T04:55:24.534602Z,ACP: uso informativo; sin licencia abierta declarada,2026-03-05,acp,diaria,false
PAN,ACP.GATUN.NIVEL,Nivel observado del lago Gatún,2026,88.48,pies,https://evtms-rpts.pancanal.com/eng/h2o/Download_Gatun_Lake_Water_Level_History.csv,2026-10-07T04:55:24.534602Z,ACP: uso informativo; sin licencia abierta declarada,2026-03-06,acp,diaria,false
PAN,ACP.GATUN.NIVEL,Nivel observado del lago Gatún,2026,88.41,pies,https://evtms-rpts.pancanal.com/eng/h2o/Download_Gatun_Lake_Water_Level_History.csv,2026-10-07T04:55:24.534602Z,ACP: uso informativo; sin licencia abierta declarada,2026-03-07,acp,diaria,false
PAN,ACP.GATUN.NIVEL,Nivel observado del lago Gatún,2026,88.36,pies,https://evtms-rpts.pancanal.com/eng/h2o/Download_Gatun_Lake_Water_Level_History.csv,2026-10-07T04:55:24.534602Z,ACP: uso informativo; sin licencia abierta declarada,2026-03-08,acp,diaria,false
PAN,ACP.GATUN.NIVEL,Nivel observado del lago Gatún,2026,88.31,pies,https://evtms-rpts.pancanal.com/eng/h2o/Download_Gatun_Lake_Water_Level_History.csv,2026-10-07T04:55:24.534602Z,ACP: uso informativo; sin licencia abierta declarada,2026-03-09,acp,diaria,false
PAN,ACP.GATUN.NIVEL,Nivel observado del lago Gatún,2026,88.25,pies,https://evtms-rpts.pancanal.com/eng/h2o/Download_Gatun_Lake_Water_Level_History.csv,2026-10-07T04:55:24.534602Z,ACP: uso informativo; sin licencia abierta declarada,2026-03-10,acp,diaria,false
PAN,ACP.GATUN.NIVEL,Nivel observado del lago Gatún,2026,88.2,pies,https://evtms-rpts.pancanal.com/eng/h2o/Download_Gatun_Lake_Water_Level_History.csv,2026-10-07T04:55:24.534602Z,ACP: uso informativo; sin licencia abierta declarada,2026-03-11,acp,diaria,false
PAN,ACP.GATUN.NIVEL,Nivel observado del lago Gatún,2026,88.13,pies,https://evtms-rpts.pancanal.com/eng/h2o/Download_Gatun_Lake_Water_Level_History.csv,2026-10-07T04:55:24.534602Z,ACP: uso informativo; sin licencia abierta declarada,2026-03-12,acp,diaria,false
PAN,ACP.GATUN.NIVEL,Nivel observado del lago Gatún,2026,88.08,pies,https://evtms-rpts.pancanal.com/eng/h2o/Download_Gatun_Lake_Water_Level_History.csv,2026-10-07T04:55:24.534602Z,ACP: uso informativo; sin licencia abierta declarada,2026-03-13,acp,diaria,false
PAN,ACP.GATUN.NIVEL,Nivel observado del lago Gatún,2026,88.02,pies,https://evtms-rpts.pancanal.com/eng/h2o/Download_Gatun_Lake_Water_Level_History.csv,2026-10-07T04:55:24.534602Z,ACP: uso informativo; sin licencia abierta declarada,2026-03-14,acp,diaria,false
PAN,ACP.GATUN.NIVEL,Nivel observado del lago Gatún,2026,87.96,pies,https://evtms-rpts.pancanal.com/eng/h2o/Download_Gatun_Lake_Water_Level_History.csv,2026-10-07T04:55:24.534602Z,ACP: uso informativo; sin licencia abierta declarada,2026-03-15,acp,diaria,false
PAN,ACP.GATUN.NIVEL,Nivel observado del lago Gatún,2026,87.92,pies,https://evtms-rpts.pancanal.com/eng/h2o/Download_Gatun_Lake_Water_Level_History.csv,2026-10-07T04:55:24.534602Z,ACP: uso informativo; sin licencia abierta declarada,2026-03-16,acp,diaria,false
PAN,ACP.GATUN.NIVEL,Nivel observado del lago Gatún,2026,87.86,pies,https://evtms-rpts.pancanal.com/eng/h2o/Download_Gatun_Lake_Water_Level_History.csv,2026-10-07T04:55:24.534602Z,ACP: uso informativo; sin licencia abierta declarada,2026-03-17,acp,diaria,false
PAN,ACP.GATUN.NIVEL,Nivel observado del lago Gatún,2026,87.81,pies,https://evtms-rpts.pancanal.com/eng/h2o/Download_Gatun_Lake_Water_Level_History.csv,2026-10-07T04:55:24.534602Z,ACP: uso informativo; sin licencia abierta declarada,2026-03-18,acp,diaria,false
PAN,ACP.GATUN.NIVEL,Nivel observado del lago Gatún,2026,87.75,pies,https://evtms-rpts.pancanal.com/eng/h2o/Download_Gatun_Lake_Water_Level_History.csv,2026-10-07T04:55:24.534602Z,ACP: uso informativo; sin licencia abierta declarada,2026-03-19,acp,diaria,false
PAN,ACP.GATUN.NIVEL,Nivel observado del lago Gatún,2026,87.82,pies,https://evtms-rpts.pancanal.com/eng/h2o/Download_Gatun_Lake_Water_Level_History.csv,2026-10-07T04:55:24.534602Z,ACP: uso informativo; sin licencia abierta declarada,2026-03-20,acp,diaria,false
PAN,ACP.GATUN.NIVEL,Nivel observado del lago Gatún,2026,87.83,pies,https://evtms-rpts.pancanal.com/eng/h2o/Download_Gatun_Lake_Water_Level_History.csv,2026-10-07T04:55:24.534602Z,ACP: uso informativo; sin licencia abierta declarada,2026-03-21,acp,diaria,false
PAN,ACP.GATUN.NIVEL,Nivel observado del lago Gatún,2026,87.79,pies,https://evtms-rpts.pancanal.com/eng/h2o/Download_Gatun_Lake_Water_Level_History.csv,2026-10-07T04:55:24.534602Z,ACP: uso informativo; sin licencia abierta declarada,2026-03-22,acp,diaria,false
PAN,ACP.GATUN.NIVEL,Nivel observado del lago Gatún,2026,87.75,pies,https://evtms-rpts.pancanal.com/eng/h2o/Download_Gatun_Lake_Water_Level_History.csv,2026-10-07T04:55:24.534602Z,ACP: uso informativo; sin licencia abierta declarada,2026-03-23,acp,diaria,false
PAN,ACP.GATUN.NIVEL,Nivel observado del lago Gatún,2026,87.71,pies,https://evtms-rpts.pancanal.com/eng/h2o/Download_Gatun_Lake_Water_Level_History.csv,2026-10-07T04:55:24.534602Z,ACP: uso informativo; sin licencia abierta declarada,2026-03-24,acp,diaria,false
PAN,ACP.GATUN.NIVEL,Nivel observado del lago Gatún,2026,87.65,pies,https://evtms-rpts.pancanal.com/eng/h2o/Download_Gatun_Lake_Water_Level_History.csv,2026-10-07T04:55:24.534602Z,ACP: uso informativo; sin licencia abierta declarada,2026-03-25,acp,diaria,false
PAN,ACP.GATUN.NIVEL,Nivel observado del lago Gatún,2026,87.6,pies,https://evtms-rpts.pancanal.com/eng/h2o/Download_Gatun_Lake_Water_Level_History.csv,2026-10-07T04:55:24.534602Z,ACP: uso informativo; sin licencia abierta declarada,2026-03-26,acp,diaria,false
PAN,ACP.GATUN.NIVEL,Nivel observado del lago Gatún,2026,87.54,pies,https://evtms-rpts.pancanal.com/eng/h2o/Download_Gatun_Lake_Water_Level_History.csv,2026-10-07T04:55:24.534602Z,ACP: uso informativo; sin licencia abierta declarada,2026-03-27,acp,diaria,false
PAN,ACP.GATUN.NIVEL,Nivel observado del lago Gatún,2026,87.49,pies,https://evtms-rpts.pancanal.com/eng/h2o/Download_Gatun_Lake_Water_Level_History.csv,2026-10-07T04:55:24.534602Z,ACP: uso informativo; sin licencia abierta declarada,2026-03-28,acp,diaria,false
PAN,ACP.GATUN.NIVEL,Nivel observado del lago Gatún,2026,87.43,pies,https://evtms-rpts.pancanal.com/eng/h2o/Download_Gatun_Lake_Water_Level_History.csv,2026-10-07T04:55:24.534602Z,ACP: uso informativo; sin licencia abierta declarada,2026-03-29,acp,diaria,false
PAN,ACP.GATUN.NIVEL,Nivel observado del lago Gatún,2026,87.38,pies,https://evtms-rpts.pancanal.com/eng/h2o/Download_Gatun_Lake_Water_Level_History.csv,2026-10-07T04:55:24.534602Z,ACP: uso informativo; sin licencia abierta declarada,2026-03-30,acp,diaria,false
PAN,ACP.GATUN.NIVEL,Nivel observado del lago Gatún,2026,87.32,pies,https://evtms-rpts.pancanal.com/eng/h2o/Download_Gatun_Lake_Water_Level_History.csv,2026-10-07T04:55:24.534602Z,ACP: uso informativo; sin licencia abierta declarada,2026-03-31,acp,diaria,false
PAN,ACP.GATUN.NIVEL,Nivel observado del lago Gatún,2026,87.26,pies,https://evtms-rpts.pancanal.com/eng/h2o/Download_Gatun_Lake_Water_Level_History.csv,2026-10-07T04:55:24.534602Z,ACP: uso informativo; sin licencia abierta declarada,2026-04-01,acp,diaria,false
PAN,ACP.GATUN.NIVEL,Nivel observado del lago Gatún,2026,87.2,pies,https://evtms-rpts.pancanal.com/eng/h2o/Download_Gatun_Lake_Water_Level_History.csv,2026-10-07T04:55:24.534602Z,ACP: uso informativo; sin licencia abierta declarada,2026-04-02,acp,diaria,false
PAN,ACP.GATUN.NIVEL,Nivel observado del lago Gatún,2026,87.16,pies,https://evtms-rpts.pancanal.com/eng/h2o/Download_Gatun_Lake_Water_Level_History.csv,2026-10-07T04:55:24.534602Z,ACP: uso informativo; sin licencia abierta declarada,2026-04-03,acp,diaria,false
PAN,ACP.GATUN.NIVEL,Nivel observado del lago Gatún,2026,87.09,pies,https://evtms-rpts.pancanal.com/eng/h2o/Download_Gatun_Lake_Water_Level_History.csv,2026-10-07T04:55:24.534602Z,ACP: uso informativo; sin licencia abierta declarada,2026-04-04,acp,diaria,false
PAN,ACP.GATUN.NIVEL,Nivel observado del lago Gatún,2026,87.02,pies,https://evtms-rpts.pancanal.com/eng/h2o/Download_Gatun_Lake_Water_Level_History.csv,2026-10-07T04:55:24.534602Z,ACP: uso informativo; sin licencia abierta declarada,2026-04-05,acp,diaria,false
PAN,ACP.GATUN.NIVEL,Nivel observado del lago Gatún,2026,86.96,pies,https://evtms-rpts.pancanal.com/eng/h2o/Download_Gatun_Lake_Water_Level_History.csv,2026-10-07T04:55:24.534602Z,ACP: uso informativo; sin licencia abierta declarada,2026-04-06,acp,diaria,false
PAN,ACP.GATUN.NIVEL,Nivel observado del lago Gatún,2026,86.92,pies,https://evtms-rpts.pancanal.com/eng/h2o/Download_Gatun_Lake_Water_Level_History.csv,2026-10-07T04:55:24.534602Z,ACP: uso informativo; sin licencia abierta declarada,2026-04-07,acp,diaria,false
PAN,ACP.GATUN.NIVEL,Nivel observado del lago Gatún,2026,86.88,pies,https://evtms-rpts.pancanal.com/eng/h2o/Download_Gatun_Lake_Water_Level_History.csv,2026-10-07T04:55:24.534602Z,ACP: uso informativo; sin licencia abierta declarada,2026-04-08,acp,diaria,false
PAN,ACP.GATUN.NIVEL,Nivel observado del lago Gatún,2026,86.82,pies,https://evtms-rpts.pancanal.com/eng/h2o/Download_Gatun_Lake_Water_Level_History.csv,2026-10-07T04:55:24.534602Z,ACP: uso informativo; sin licencia abierta declarada,2026-04-09,acp,diaria,false
PAN,ACP.GATUN.NIVEL,Nivel observado del lago Gatún,2026,86.75,pies,https://evtms-rpts.pancanal.com/eng/h2o/Download_Gatun_Lake_Water_Level_History.csv,2026-10-07T04:55:24.534602Z,ACP: uso informativo; sin licencia abierta declarada,2026-04-10,acp,diaria,false
PAN,ACP.GATUN.NIVEL,Nivel observado del lago Gatún,2026,86.72,pies,https://evtms-rpts.pancanal.com/eng/h2o/Download_Gatun_Lake_Water_Level_History.csv,2026-10-07T04:55:24.534602Z,ACP: uso informativo; sin licencia abierta declarada,2026-04-11,acp,diaria,false
PAN,ACP.GATUN.NIVEL,Nivel observado del lago Gatún,2026,86.64,pies,https://evtms-rpts.pancanal.com/eng/h2o/Download_Gatun_Lake_Water_Level_History.csv,2026-10-07T04:55:24.534602Z,ACP: uso informativo; sin licencia abierta declarada,2026-04-12,acp,diaria,false
PAN,ACP.GATUN.NIVEL,Nivel observado del lago Gatún,2026,86.59,pies,https://evtms-rpts.pancanal.com/eng/h2o/Download_Gatun_Lake_Water_Level_History.csv,2026-10-07T04:55:24.534602Z,ACP: uso informativo; sin licencia abierta declarada,2026-04-13,acp,diaria,false
PAN,ACP.GATUN.NIVEL,Nivel observado del lago Gatún,2026,86.54,pies,https://evtms-rpts.pancanal.com/eng/h2o/Download_Gatun_Lake_Water_Level_History.csv,2026-10-07T04:55:24.534602Z,ACP: uso informativo; sin licencia abierta declarada,2026-04-14,acp,diaria,false
PAN,ACP.GATUN.NIVEL,Nivel observado del lago Gatún,2026,86.47,pies,https://evtms-rpts.pancanal.com/eng/h2o/Download_Gatun_Lake_Water_Level_History.csv,2026-10-07T04:55:24.534602Z,ACP: uso informativo; sin licencia abierta declarada,2026-04-15,acp,diaria,false
PAN,ACP.GATUN.NIVEL,Nivel observado del lago Gatún,2026,86.44,pies,https://evtms-rpts.pancanal.com/eng/h2o/Download_Gatun_Lake_Water_Level_History.csv,2026-10-07T04:55:24.534602Z,ACP: uso informativo; sin licencia abierta declarada,2026-04-16,acp,diaria,false
PAN,ACP.GATUN.NIVEL,Nivel observado del lago Gatún,2026,86.37,pies,https://evtms-rpts.pancanal.com/eng/h2o/Download_Gatun_Lake_Water_Level_History.csv,2026-10-07T04:55:24.534602Z,ACP: uso informativo; sin licencia abierta declarada,2026-04-17,acp,diaria,false
PAN,ACP.GATUN.NIVEL,Nivel observado del lago Gatún,2026,86.31,pies,https://evtms-rpts.pancanal.com/eng/h2o/Download_Gatun_Lake_Water_Level_History.csv,2026-10-07T04:55:24.534602Z,ACP: uso informativo; sin licencia abierta declarada,2026-04-18,acp,diaria,false
PAN,ACP.GATUN.NIVEL,Nivel observado del lago Gatún,2026,86.24,pies,https://evtms-rpts.pancanal.com/eng/h2o/Download_Gatun_Lake_Water_Level_History.csv,2026-10-07T04:55:24.534602Z,ACP: uso informativo; sin licencia abierta declarada,2026-04-19,acp,diaria,false
PAN,ACP.GATUN.NIVEL,Nivel observado del lago Gatún,2026,86.18,pies,https://evtms-rpts.pancanal.com/eng/h2o/Download_Gatun_Lake_Water_Level_History.csv,2026-10-07T04:55:24.534602Z,ACP: uso informativo; sin licencia abierta declarada,2026-04-20,acp,diaria,false
PAN,ACP.GATUN.NIVEL,Nivel observado del lago Gatún,2026,86.12,pies,https://evtms-rpts.pancanal.com/eng/h2o/Download_Gatun_Lake_Water_Level_History.csv,2026-10-07T04:55:24.534602Z,ACP: uso informativo; sin licencia abierta declarada,2026-04-21,acp,diaria,false
PAN,ACP.GATUN.NIVEL,Nivel observado del lago Gatún,2026,86.08,pies,https://evtms-rpts.pancanal.com/eng/h2o/Download_Gatun_Lake_Water_Level_History.csv,2026-10-07T04:55:24.534602Z,ACP: uso informativo; sin licencia abierta declarada,2026-04-22,acp,diaria,false
PAN,ACP.GATUN.NIVEL,Nivel observado del lago Gatún,2026,86.03,pies,https://evtms-rpts.pancanal.com/eng/h2o/Download_Gatun_Lake_Water_Level_History.csv,2026-10-07T04:55:24.534602Z,ACP: uso informativo; sin licencia abierta declarada,2026-04-23,acp,diaria,false
PAN,ACP.GATUN.NIVEL,Nivel observado del lago Gatún,2026,85.99,pies,https://evtms-rpts.pancanal.com/eng/h2o/Download_Gatun_Lake_Water_Level_History.csv,2026-10-07T04:55:24.534602Z,ACP: uso informativo; sin licencia abierta declarada,2026-04-24,acp,diaria,false
PAN,ACP.GATUN.NIVEL,Nivel observado del lago Gatún,2026,85.95,pies,https://evtms-rpts.pancanal.com/eng/h2o/Download_Gatun_Lake_Water_Level_History.csv,2026-10-07T04:55:24.534602Z,ACP: uso informativo; sin licencia abierta declarada,2026-04-25,acp,diaria,false
PAN,ACP.GATUN.NIVEL,Nivel observado del lago Gatún,2026,85.9,pies,https://evtms-rpts.pancanal.com/eng/h2o/Download_Gatun_Lake_Water_Level_History.csv,2026-10-07T04:55:24.534602Z,ACP: uso informativo; sin licencia abierta declarada,2026-04-26,acp,diaria,false
PAN,ACP.GATUN.NIVEL,Nivel observado del lago Gatún,2026,85.85,pies,https://evtms-rpts.pancanal.com/eng/h2o/Download_Gatun_Lake_Water_Level_History.csv,2026-10-07T04:55:24.534602Z,ACP: uso informativo; sin licencia abierta declarada,2026-04-27,acp,diaria,false
PAN,ACP.GATUN.NIVEL,Nivel observado del lago Gatún,2026,85.77,pies,https://evtms-rpts.pancanal.com/eng/h2o/Download_Gatun_Lake_Water_Level_History.csv,2026-10-07T04:55:24.534602Z,ACP: uso informativo; sin licencia abierta declarada,2026-04-28,acp,diaria,false
PAN,ACP.GATUN.NIVEL,Nivel observado del lago Gatún,2026,85.78,pies,https://evtms-rpts.pancanal.com/eng/h2o/Download_Gatun_Lake_Water_Level_History.csv,2026-10-07T04:55:24.534602Z,ACP: uso informativo; sin licencia abierta declarada,2026-04-29,acp,diaria,false
PAN,ACP.GATUN.NIVEL,Nivel observado del lago Gatún,2026,85.79,pies,https://evtms-rpts.pancanal.com/eng/h2o/Download_Gatun_Lake_Water_Level_History.csv,2026-10-07T04:55:24.534602Z,ACP: uso informativo; sin licencia abierta declarada,2026-04-30,acp,diaria,false
PAN,ACP.GATUN.NIVEL,Nivel observado del lago Gatún,2026,85.77,pies,https://evtms-rpts.pancanal.com/eng/h2o/Download_Gatun_Lake_Water_Level_History.csv,2026-10-07T04:55:24.534602Z,ACP: uso informativo; sin licencia abierta declarada,2026-05-01,acp,diaria,false
PAN,ACP.GATUN.NIVEL,Nivel observado del lago Gatún,2026,86.03,pies,https://evtms-rpts.pancanal.com/eng/h2o/Download_Gatun_Lake_Water_Level_History.csv,2026-10-07T04:55:24.534602Z,ACP: uso informativo; sin licencia abierta declarada,2026-05-02,acp,diaria,false
PAN,ACP.GATUN.NIVEL,Nivel observado del lago Gatún,2026,86.13,pies,https://evtms-rpts.pancanal.com/eng/h2o/Download_Gatun_Lake_Water_Level_History.csv,2026-10-07T04:55:24.534602Z,ACP: uso informativo; sin licencia abierta declarada,2026-05-03,acp,diaria,false
PAN,ACP.GATUN.NIVEL,Nivel observado del lago Gatún,2026,86.15,pies,https://evtms-rpts.pancanal.com/eng/h2o/Download_Gatun_Lake_Water_Level_History.csv,2026-10-07T04:55:24.534602Z,ACP: uso informativo; sin licencia abierta declarada,2026-05-04,acp,diaria,false
PAN,ACP.GATUN.NIVEL,Nivel observado del lago Gatún,2026,86.17,pies,https://evtms-rpts.pancanal.com/eng/h2o/Download_Gatun_Lake_Water_Level_History.csv,2026-10-07T04:55:24.534602Z,ACP: uso informativo; sin licencia abierta declarada,2026-05-05,acp,diaria,false
PAN,ACP.GATUN.NIVEL,Nivel observado del lago Gatún,2026,86.15,pies,https://evtms-rpts.pancanal.com/eng/h2o/Download_Gatun_Lake_Water_Level_History.csv,2026-10-07T04:55:24.534602Z,ACP: uso informativo; sin licencia abierta declarada,2026-05-06,acp,diaria,false
PAN,ACP.GATUN.NIVEL,Nivel observado del lago Gatún,2026,86.11,pies,https://evtms-rpts.pancanal.com/eng/h2o/Download_Gatun_Lake_Water_Level_History.csv,2026-10-07T04:55:24.534602Z,ACP: uso informativo; sin licencia abierta declarada,2026-05-07,acp,diaria,false
PAN,ACP.GATUN.NIVEL,Nivel observado del lago Gatún,2026,86.06,pies,https://evtms-rpts.pancanal.com/eng/h2o/Download_Gatun_Lake_Water_Level_History.csv,2026-10-07T04:55:24.534602Z,ACP: uso informativo; sin licencia abierta declarada,2026-05-08,acp,diaria,false
PAN,ACP.GATUN.NIVEL,Nivel observado del lago Gatún,2026,86.0,pies,https://evtms-rpts.pancanal.com/eng/h2o/Download_Gatun_Lake_Water_Level_History.csv,2026-10-07T04:55:24.534602Z,ACP: uso informativo; sin licencia abierta declarada,2026-05-09,acp,diaria,false
PAN,ACP.GATUN.NIVEL,Nivel observado del lago Gatún,2026,85.95,pies,https://evtms-rpts.pancanal.com/eng/h2o/Download_Gatun_Lake_Water_Level_History.csv,2026-10-07T04:55:24.534602Z,ACP: uso informativo; sin licencia abierta declarada,2026-05-10,acp,diaria,false
PAN,ACP.GATUN.NIVEL,Nivel observado del lago Gatún,2026,85.92,pies,https://evtms-rpts.pancanal.com/eng/h2o/Download_Gatun_Lake_Water_Level_History.csv,2026-10-07T04:55:24.534602Z,ACP: uso informativo; sin licencia abierta declarada,2026-05-11,acp,diaria,false
PAN,ACP.GATUN.NIVEL,Nivel observado del lago Gatún,2026,85.9,pies,https://evtms-rpts.pancanal.com/eng/h2o/Download_Gatun_Lake_Water_Level_History.csv,2026-10-07T04:55:24.534602Z,ACP: uso informativo; sin licencia abierta declarada,2026-05-12,acp,diaria,false
PAN,ACP.GATUN.NIVEL,Nivel observado del lago Gatún,2026,85.86,pies,https://evtms-rpts.pancanal.com/eng/h2o/Download_Gatun_Lake_Water_Level_History.csv,2026-10-07T04:55:24.534602Z,ACP: uso informativo; sin licencia abierta declarada,2026-05-13,acp,diaria,false
PAN,ACP.GATUN.NIVEL,Nivel observado del lago Gatún,2026,85.83,pies,https://evtms-rpts.pancanal.com/eng/h2o/Download_Gatun_Lake_Water_Level_History.csv,2026-10-07T04:55:24.534602Z,ACP: uso informativo; sin licencia abierta declarada,2026-05-14,acp,diaria,false
PAN,ACP.GATUN.NIVEL,Nivel observado del lago Gatún,2026,85.77,pies,https://evtms-rpts.pancanal.com/eng/h2o/Download_Gatun_Lake_Water_Level_History.csv,2026-10-07T04:55:24.534602Z,ACP: uso informativo; sin licencia abierta declarada,2026-05-15,acp,diaria,false
PAN,ACP.GATUN.NIVEL,Nivel observado del lago Gatún,2026,85.72,pies,https://evtms-rpts.pancanal.com/eng/h2o/Download_Gatun_Lake_Water_Level_History.csv,2026-10-07T04:55:24.534602Z,ACP: uso informativo; sin licencia abierta declarada,2026-05-16,acp,diaria,false
PAN,ACP.GATUN.NIVEL,Nivel observado del lago Gatún,2026,85.69,pies,https://evtms-rpts.pancanal.com/eng/h2o/Download_Gatun_Lake_Water_Level_History.csv,2026-10-07T04:55:24.534602Z,ACP: uso informativo; sin licencia abierta declarada,2026-05-17,acp,diaria,false
PAN,ACP.GATUN.NIVEL,Nivel observado del lago Gatún,2026,85.65,pies,https://evtms-rpts.pancanal.com/eng/h2o/Download_Gatun_Lake_Water_Level_History.csv,2026-10-07T04:55:24.534602Z,ACP: uso informativo; sin licencia abierta declarada,2026-05-18,acp,diaria,false
PAN,ACP.GATUN.NIVEL,Nivel observado del lago Gatún,2026,85.59,pies,https://evtms-rpts.pancanal.com/eng/h2o/Download_Gatun_Lake_Water_Level_History.csv,2026-10-07T04:55:24.534602Z,ACP: uso informativo; sin licencia abierta declarada,2026-05-19,acp,diaria,false
PAN,ACP.GATUN.NIVEL,Nivel observado del lago Gatún,2026,85.52,pies,https://evtms-rpts.pancanal.com/eng/h2o/Download_Gatun_Lake_Water_Level_History.csv,2026-10-07T04:55:24.534602Z,ACP: uso informativo; sin licencia abierta declarada,2026-05-20,acp,diaria,false
PAN,ACP.GATUN.NIVEL,Nivel observado del lago Gatún,2026,85.48,pies,https://evtms-rpts.pancanal.com/eng/h2o/Download_Gatun_Lake_Water_Level_History.csv,2026-10-07T04:55:24.534602Z,ACP: uso informativo; sin licencia abierta declarada,2026-05-21,acp,diaria,false
PAN,ACP.GATUN.NIVEL,Nivel observado del lago Gatún,2026,85.43,pies,https://evtms-rpts.pancanal.com/eng/h2o/Download_Gatun_Lake_Water_Level_History.csv,2026-10-07T04:55:24.534602Z,ACP: uso informativo; sin licencia abierta declarada,2026-05-22,acp,diaria,false
PAN,ACP.GATUN.NIVEL,Nivel observado del lago Gatún,2026,85.39,pies,https://evtms-rpts.pancanal.com/eng/h2o/Download_Gatun_Lake_Water_Level_History.csv,2026-10-07T04:55:24.534602Z,ACP: uso informativo; sin licencia abierta declarada,2026-05-23,acp,diaria,false
PAN,ACP.GATUN.NIVEL,Nivel observado del lago Gatún,2026,85.35,pies,https://evtms-rpts.pancanal.com/eng/h2o/Download_Gatun_Lake_Water_Level_History.csv,2026-10-07T04:55:24.534602Z,ACP: uso informativo; sin licencia abierta declarada,2026-05-24,acp,diaria,false
PAN,ACP.GATUN.NIVEL,Nivel observado del lago Gatún,2026,85.29,pies,https://evtms-rpts.pancanal.com/eng/h2o/Download_Gatun_Lake_Water_Level_History.csv,2026-10-07T04:55:24.534602Z,ACP: uso informativo; sin licencia abierta declarada,2026-05-25,acp,diaria,false
PAN,ACP.GATUN.NIVEL,Nivel observado del lago Gatún,2026,85.26,pies,https://evtms-rpts.pancanal.com/eng/h2o/Download_Gatun_Lake_Water_Level_History.csv,2026-10-07T04:55:24.534602Z,ACP: uso informativo; sin licencia abierta declarada,2026-05-26,acp,diaria,false
PAN,ACP.GATUN.NIVEL,Nivel observado del lago Gatún,2026,85.2,pies,https://evtms-rpts.pancanal.com/eng/h2o/Download_Gatun_Lake_Water_Level_History.csv,2026-10-07T04:55:24.534602Z,ACP: uso informativo; sin licencia abierta declarada,2026-05-27,acp,diaria,false
PAN,ACP.GATUN.NIVEL,Nivel observado del lago Gatún,2026,85.18,pies,https://evtms-rpts.pancanal.com/eng/h2o/Download_Gatun_Lake_Water_Level_History.csv,2026-10-07T04:55:24.534602Z,ACP: uso informativo; sin licencia abierta declarada,2026-05-28,acp,diaria,false
PAN,ACP.GATUN.NIVEL,Nivel observado del lago Gatún,2026,85.21,pies,https://evtms-rpts.pancanal.com/eng/h2o/Download_Gatun_Lake_Water_Level_History.csv,2026-10-07T04:55:24.534602Z,ACP: uso informativo; sin licencia abierta declarada,2026-05-29,acp,diaria,false
PAN,ACP.GATUN.NIVEL,Nivel observado del lago Gatún,2026,85.21,pies,https://evtms-rpts.pancanal.com/eng/h2o/Download_Gatun_Lake_Water_Level_History.csv,2026-10-07T04:55:24.534602Z,ACP: uso informativo; sin licencia abierta declarada,2026-05-30,acp,diaria,false
PAN,ACP.GATUN.NIVEL,Nivel observado del lago Gatún,2026,85.21,pies,https://evtms-rpts.pancanal.com/eng/h2o/Download_Gatun_Lake_Water_Level_History.csv,2026-10-07T04:55:24.534602Z,ACP: uso informativo; sin licencia abierta declarada,2026-05-31,acp,diaria,false
PAN,ACP.GATUN.NIVEL,Nivel observado del lago Gatún,2026,85.19,pies,https://evtms-rpts.pancanal.com/eng/h2o/Download_Gatun_Lake_Water_Level_History.csv,2026-10-07T04:55:24.534602Z,ACP: uso informativo; sin licencia abierta declarada,2026-06-01,acp,diaria,false
PAN,ACP.GATUN.NIVEL,Nivel observado del lago Gatún,2026,85.2,pies,https://evtms-rpts.pancanal.com/eng/h2o/Download_Gatun_Lake_Water_Level_History.csv,2026-10-07T04:55:24.534602Z,ACP: uso informativo; sin licencia abierta declarada,2026-06-02,acp,diaria,false
PAN,ACP.GATUN.NIVEL,Nivel observado del lago Gatún,2026,85.22,pies,https://evtms-rpts.pancanal.com/eng/h2o/Download_Gatun_Lake_Water_Level_History.csv,2026-10-07T04:55:24.534602Z,ACP: uso informativo; sin licencia abierta declarada,2026-06-03,acp,diaria,false
PAN,ACP.GATUN.NIVEL,Nivel observado del lago Gatún,2026,85.23,pies,https://evtms-rpts.pancanal.com/eng/h2o/Download_Gatun_Lake_Water_Level_History.csv,2026-10-07T04:55:24.534602Z,ACP: uso informativo; sin licencia abierta declarada,2026-06-04,acp,diaria,false
PAN,ACP.GATUN.NIVEL,Nivel observado del lago Gatún,2026,85.22,pies,https://evtms-rpts.pancanal.com/eng/h2o/Download_Gatun_Lake_Water_Level_History.csv,2026-10-07T04:55:24.534602Z,ACP: uso informativo; sin licencia abierta declarada,2026-06-05,acp,diaria,false
PAN,ACP.GATUN.NIVEL,Nivel observado del lago Gatún,2026,85.22,pies,https://evtms-rpts.pancanal.com/eng/h2o/Download_Gatun_Lake_Water_Level_History.csv,2026-10-07T04:55:24.534602Z,ACP: uso informativo; sin licencia abierta declarada,2026-06-06,acp,diaria,false
PAN,ACP.GATUN.NIVEL,Nivel observado del lago Gatún,2026,85.22,pies,https://evtms-rpts.pancanal.com/eng/h2o/Download_Gatun_Lake_Water_Level_History.csv,2026-10-07T04:55:24.534602Z,ACP: uso informativo; sin licencia abierta declarada,2026-06-07,acp,diaria,false
PAN,ACP.GATUN.NIVEL,Nivel observado del lago Gatún,2026,85.17,pies,https://evtms-rpts.pancanal.com/eng/h2o/Download_Gatun_Lake_Water_Level_History.csv,2026-10-07T04:55:24.534602Z,ACP: uso informativo; sin licencia abierta declarada,2026-06-08,acp,diaria,false
PAN,ACP.GATUN.NIVEL,Nivel observado del lago Gatún,2026,85.15,pies,https://evtms-rpts.pancanal.com/eng/h2o/Download_Gatun_Lake_Water_Level_History.csv,2026-10-07T04:55:24.534602Z,ACP: uso informativo; sin licencia abierta declarada,2026-06-09,acp,diaria,false
PAN,ACP.GATUN.NIVEL,Nivel observado del lago Gatún,2026,85.11,pies,https://evtms-rpts.pancanal.com/eng/h2o/Download_Gatun_Lake_Water_Level_History.csv,2026-10-07T04:55:24.534602Z,ACP: uso informativo; sin licencia abierta declarada,2026-06-10,acp,diaria,false
PAN,ACP.GATUN.NIVEL,Nivel observado del lago Gatún,2026,85.09,pies,https://evtms-rpts.pancanal.com/eng/h2o/Download_Gatun_Lake_Water_Level_History.csv,2026-10-07T04:55:24.534602Z,ACP: uso informativo; sin licencia abierta declarada,2026-06-11,acp,diaria,false
PAN,ACP.GATUN.NIVEL,Nivel observado del lago Gatún,2026,85.09,pies,https://evtms-rpts.pancanal.com/eng/h2o/Download_Gatun_Lake_Water_Level_History.csv,2026-10-07T04:55:24.534602Z,ACP: uso informativo; sin licencia abierta declarada,2026-06-12,acp,diaria,false
PAN,ACP.GATUN.NIVEL,Nivel observado del lago Gatún,2026,85.1,pies,https://evtms-rpts.pancanal.com/eng/h2o/Download_Gatun_Lake_Water_Level_History.csv,2026-10-07T04:55:24.534602Z,ACP: uso informativo; sin licencia abierta declarada,2026-06-13,acp,diaria,false
PAN,ACP.GATUN.NIVEL,Nivel observado del lago Gatún,2026,85.11,pies,https://evtms-rpts.pancanal.com/eng/h2o/Download_Gatun_Lake_Water_Level_History.csv,2026-10-07T04:55:24.534602Z,ACP: uso informativo; sin licencia abierta declarada,2026-06-14,acp,diaria,false
PAN,ACP.GATUN.NIVEL,Nivel observado del lago Gatún,2026,85.19,pies,https://evtms-rpts.pancanal.com/eng/h2o/Download_Gatun_Lake_Water_Level_History.csv,2026-10-07T04:55:24.534602Z,ACP: uso informativo; sin licencia abierta declarada,2026-06-15,acp,diaria,false
PAN,ACP.GATUN.NIVEL,Nivel observado del lago Gatún,2026,85.24,pies,https://evtms-rpts.pancanal.com/eng/h2o/Download_Gatun_Lake_Water_Level_History.csv,2026-10-07T04:55:24.534602Z,ACP: uso informativo; sin licencia abierta declarada,2026-06-16,acp,diaria,false
PAN,ACP.GATUN.NIVEL,Nivel observado del lago Gatún,2026,85.33,pies,https://evtms-rpts.pancanal.com/eng/h2o/Download_Gatun_Lake_Water_Level_History.csv,2026-10-07T04:55:24.534602Z,ACP: uso informativo; sin licencia abierta declarada,2026-06-17,acp,diaria,false
PAN,ACP.GATUN.NIVEL,Nivel observado del lago Gatún,2026,85.28,pies,https://evtms-rpts.pancanal.com/eng/h2o/Download_Gatun_Lake_Water_Level_History.csv,2026-10-07T04:55:24.534602Z,ACP: uso informativo; sin licencia abierta declarada,2026-06-18,acp,diaria,false
PAN,ACP.GATUN.NIVEL,Nivel observado del lago Gatún,2026,85.25,pies,https://evtms-rpts.pancanal.com/eng/h2o/Download_Gatun_Lake_Water_Level_History.csv,2026-10-07T04:55:24.534602Z,ACP: uso informativo; sin licencia abierta declarada,2026-06-19,acp,diaria,false
PAN,ACP.GATUN.NIVEL,Nivel observado del lago Gatún,2026,85.21,pies,https://evtms-rpts.pancanal.com/eng/h2o/Download_Gatun_Lake_Water_Level_History.csv,2026-10-07T04:55:24.534602Z,ACP: uso informativo; sin licencia abierta declarada,2026-06-20,acp,diaria,false
PAN,ACP.GATUN.NIVEL,Nivel observado del lago Gatún,2026,85.18,pies,https://evtms-rpts.pancanal.com/eng/h2o/Download_Gatun_Lake_Water_Level_History.csv,2026-10-07T04:55:24.534602Z,ACP: uso informativo; sin licencia abierta declarada,2026-06-21,acp,diaria,false
PAN,ACP.GATUN.NIVEL,Nivel observado del lago Gatún,2026,85.22,pies,https://evtms-rpts.pancanal.com/eng/h2o/Download_Gatun_Lake_Water_Level_History.csv,2026-10-07T04:55:24.534602Z,ACP: uso informativo; sin licencia abierta declarada,2026-06-22,acp,diaria,false
PAN,ACP.GATUN.NIVEL,Nivel observado del lago Gatún,2026,85.26,pies,https://evtms-rpts.pancanal.com/eng/h2o/Download_Gatun_Lake_Water_Level_History.csv,2026-10-07T04:55:24.534602Z,ACP: uso informativo; sin licencia abierta declarada,2026-06-23,acp,diaria,false
PAN,ACP.GATUN.NIVEL,Nivel observado del lago Gatún,2026,85.23,pies,https://evtms-rpts.pancanal.com/eng/h2o/Download_Gatun_Lake_Water_Level_History.csv,2026-10-07T04:55:24.534602Z,ACP: uso informativo; sin licencia abierta declarada,2026-06-24,acp,diaria,false
PAN,ACP.GATUN.NIVEL,Nivel observado del lago Gatún,2026,85.2,pies,https://evtms-rpts.pancanal.com/eng/h2o/Download_Gatun_Lake_Water_Level_History.csv,2026-10-07T04:55:24.534602Z,ACP: uso informativo; sin licencia abierta declarada,2026-06-25,acp,diaria,false
PAN,ACP.GATUN.NIVEL,Nivel observado del lago Gatún,2026,85.16,pies,https://evtms-rpts.pancanal.com/eng/h2o/Download_Gatun_Lake_Water_Level_History.csv,2026-10-07T04:55:24.534602Z,ACP: uso informativo; sin licencia abierta declarada,2026-06-26,acp,diaria,false
PAN,ACP.GATUN.NIVEL,Nivel observado del lago Gatún,2026,85.11,pies,https://evtms-rpts.pancanal.com/eng/h2o/Download_Gatun_Lake_Water_Level_History.csv,2026-10-07T04:55:24.534602Z,ACP: uso informativo; sin licencia abierta declarada,2026-06-27,acp,diaria,false
PAN,ACP.GATUN.NIVEL,Nivel observado del lago Gatún,2026,85.06,pies,https://evtms-rpts.pancanal.com/eng/h2o/Download_Gatun_Lake_Water_Level_History.csv,2026-10-07T04:55:24.534602Z,ACP: uso informativo; sin licencia abierta declarada,2026-06-28,acp,diaria,false
PAN,ACP.GATUN.NIVEL,Nivel observado del lago Gatún,2026,85.03,pies,https://evtms-rpts.pancanal.com/eng/h2o/Download_Gatun_Lake_Water_Level_History.csv,2026-10-07T04:55:24.534602Z,ACP: uso informativo; sin licencia abierta declarada,2026-06-29,acp,diaria,false
PAN,ACP.GATUN.NIVEL,Nivel observado del lago Gatún,2026,84.98,pies,https://evtms-rpts.pancanal.com/eng/h2o/Download_Gatun_Lake_Water_Level_History.csv,2026-10-07T04:55:24.534602Z,ACP: uso informativo; sin licencia abierta declarada,2026-06-30,acp,diaria,false
PAN,ACP.GATUN.NIVEL,Nivel observado del lago Gatún,2026,84.93,pies,https://evtms-rpts.pancanal.com/eng/h2o/Download_Gatun_Lake_Water_Level_History.csv,2026-10-07T04:55:24.534602Z,ACP: uso informativo; sin licencia abierta declarada,2026-07-01,acp,diaria,false
PAN,ACP.GATUN.NIVEL,Nivel observado del lago Gatún,2026,84.91,pies,https://evtms-rpts.pancanal.com/eng/h2o/Download_Gatun_Lake_Water_Level_History.csv,2026-10-07T04:55:24.534602Z,ACP: uso informativo; sin licencia abierta declarada,2026-07-02,acp,diaria,false
PAN,ACP.GATUN.NIVEL,Nivel observado del lago Gatún,2026,84.88,pies,https://evtms-rpts.pancanal.com/eng/h2o/Download_Gatun_Lake_Water_Level_History.csv,2026-10-07T04:55:24.534602Z,ACP: uso informativo; sin licencia abierta declarada,2026-07-03,acp,diaria,false
PAN,ACP.GATUN.NIVEL,Nivel observado del lago Gatún,2026,84.9,pies,https://evtms-rpts.pancanal.com/eng/h2o/Download_Gatun_Lake_Water_Level_History.csv,2026-10-07T04:55:24.534602Z,ACP: uso informativo; sin licencia abierta declarada,2026-07-04,acp,diaria,false
PAN,ACP.GATUN.NIVEL,Nivel observado del lago Gatún,2026,84.87,pies,https://evtms-rpts.pancanal.com/eng/h2o/Download_Gatun_Lake_Water_Level_History.csv,2026-10-07T04:55:24.534602Z,ACP: uso informativo; sin licencia abierta declarada,2026-07-05,acp,diaria,false
PAN,ACP.GATUN.NIVEL,Nivel observado del lago Gatún,2026,84.86,pies,https://evtms-rpts.pancanal.com/eng/h2o/Download_Gatun_Lake_Water_Level_History.csv,2026-10-07T04:55:24.534602Z,ACP: uso informativo; sin licencia abierta declarada,2026-07-06,acp,diaria,false
PAN,ACP.GATUN.NIVEL,Nivel observado del lago Gatún,2026,84.82,pies,https://evtms-rpts.pancanal.com/eng/h2o/Download_Gatun_Lake_Water_Level_History.csv,2026-10-07T04:55:24.534602Z,ACP: uso informativo; sin licencia abierta declarada,2026-07-07,acp,diaria,false
PAN,ACP.GATUN.NIVEL,Nivel observado del lago Gatún,2026,84.79,pies,https://evtms-rpts.pancanal.com/eng/h2o/Download_Gatun_Lake_Water_Level_History.csv,2026-10-07T04:55:24.534602Z,ACP: uso informativo; sin licencia abierta declarada,2026-07-08,acp,diaria,false
PAN,ACP.GATUN.NIVEL,Nivel observado del lago Gatún,2026,84.81,pies,https://evtms-rpts.pancanal.com/eng/h2o/Download_Gatun_Lake_Water_Level_History.csv,2026-10-07T04:55:24.534602Z,ACP: uso informativo; sin licencia abierta declarada,2026-07-09,acp,diaria,false
PAN,ACP.GATUN.NIVEL,Nivel observado del lago Gatún,2026,84.78,pies,https://evtms-rpts.pancanal.com/eng/h2o/Download_Gatun_Lake_Water_Level_History.csv,2026-10-07T04:55:24.534602Z,ACP: uso informativo; sin licencia abierta declarada,2026-07-10,acp,diaria,false
PAN,ACP.GATUN.NIVEL,Nivel observado del lago Gatún,2026,84.76,pies,https://evtms-rpts.pancanal.com/eng/h2o/Download_Gatun_Lake_Water_Level_History.csv,2026-10-07T04:55:24.534602Z,ACP: uso informativo; sin licencia abierta declarada,2026-07-11,acp,diaria,false
PAN,ACP.GATUN.NIVEL,Nivel observado del lago Gatún,2026,84.77,pies,https://evtms-rpts.pancanal.com/eng/h2o/Download_Gatun_Lake_Water_Level_History.csv,2026-10-07T04:55:24.534602Z,ACP: uso informativo; sin licencia abierta declarada,2026-07-12,acp,diaria,false
PAN,ACP.GATUN.NIVEL,Nivel observado del lago Gatún,2026,84.77,pies,https://evtms-rpts.pancanal.com/eng/h2o/Download_Gatun_Lake_Water_Level_History.csv,2026-10-07T04:55:24.534602Z,ACP: uso informativo; sin licencia abierta declarada,2026-07-13,acp,diaria,false
PAN,ACP.GATUN.NIVEL,Nivel observado del lago Gatún,2026,84.76,pies,https://evtms-rpts.pancanal.com/eng/h2o/Download_Gatun_Lake_Water_Level_History.csv,2026-10-07T04:55:24.534602Z,ACP: uso informativo; sin licencia abierta declarada,2026-07-14,acp,diaria,false
PAN,ACP.GATUN.NIVEL,Nivel observado del lago Gatún,2026,84.72,pies,https://evtms-rpts.pancanal.com/eng/h2o/Download_Gatun_Lake_Water_Level_History.csv,2026-10-07T04:55:24.534602Z,ACP: uso informativo; sin licencia abierta declarada,2026-07-15,acp,diaria,false
PAN,ACP.GATUN.NIVEL,Nivel observado del lago Gatún,2026,84.69,pies,https://evtms-rpts.pancanal.com/eng/h2o/Download_Gatun_Lake_Water_Level_History.csv,2026-10-07T04:55:24.534602Z,ACP: uso informativo; sin licencia abierta declarada,2026-07-16,acp,diaria,false
PAN,ACP.GATUN.NIVEL,Nivel observado del lago Gatún,2026,84.64,pies,https://evtms-rpts.pancanal.com/eng/h2o/Download_Gatun_Lake_Water_Level_History.csv,2026-10-07T04:55:24.534602Z,ACP: uso informativo; sin licencia abierta declarada,2026-07-17,acp,diaria,false
PAN,ACP.GATUN.NIVEL,Nivel observado del lago Gatún,2026,84.6,pies,https://evtms-rpts.pancanal.com/eng/h2o/Download_Gatun_Lake_Water_Level_History.csv,2026-10-07T04:55:24.534602Z,ACP: uso informativo; sin licencia abierta declarada,2026-07-18,acp,diaria,false
PAN,ACP.GATUN.NIVEL,Nivel observado del lago Gatún,2026,84.6,pies,https://evtms-rpts.pancanal.com/eng/h2o/Download_Gatun_Lake_Water_Level_History.csv,2026-10-07T04:55:24.534602Z,ACP: uso informativo; sin licencia abierta declarada,2026-07-19,acp,diaria,false
PAN,ACP.GATUN.NIVEL,Nivel observado del lago Gatún,2026,84.65,pies,https://evtms-rpts.pancanal.com/eng/h2o/Download_Gatun_Lake_Water_Level_History.csv,2026-10-07T04:55:24.534602Z,ACP: uso informativo; sin licencia abierta declarada,2026-07-20,acp,diaria,false
PAN,ACP.GATUN.NIVEL,Nivel observado del lago Gatún,2026,84.63,pies,https://evtms-rpts.pancanal.com/eng/h2o/Download_Gatun_Lake_Water_Level_History.csv,2026-10-07T04:55:24.534602Z,ACP: uso informativo; sin licencia abierta declarada,2026-07-21,acp,diaria,false
PAN,ACP.GATUN.NIVEL,Nivel observado del lago Gatún,2026,84.66,pies,https://evtms-rpts.pancanal.com/eng/h2o/Download_Gatun_Lake_Water_Level_History.csv,2026-10-07T04:55:24.534602Z,ACP: uso informativo; sin licencia abierta declarada,2026-07-22,acp,diaria,false
PAN,ACP.GATUN.NIVEL,Nivel observado del lago Gatún,2026,84.89,pies,https://evtms-rpts.pancanal.com/eng/h2o/Download_Gatun_Lake_Water_Level_History.csv,2026-10-07T04:55:24.534602Z,ACP: uso informativo; sin licencia abierta declarada,2026-07-23,acp,diaria,false
PAN,ACP.GATUN.NIVEL,Nivel observado del lago Gatún,2026,84.96,pies,https://evtms-rpts.pancanal.com/eng/h2o/Download_Gatun_Lake_Water_Level_History.csv,2026-10-07T04:55:24.534602Z,ACP: uso informativo; sin licencia abierta declarada,2026-07-24,acp,diaria,false
PAN,ACP.GATUN.NIVEL,Nivel observado del lago Gatún,2026,84.92,pies,https://evtms-rpts.pancanal.com/eng/h2o/Download_Gatun_Lake_Water_Level_History.csv,2026-10-07T04:55:24.534602Z,ACP: uso informativo; sin licencia abierta declarada,2026-07-25,acp,diaria,false
PAN,ACP.GATUN.NIVEL,Nivel observado del lago Gatún,2026,84.88,pies,https://evtms-rpts.pancanal.com/eng/h2o/Download_Gatun_Lake_Water_Level_History.csv,2026-10-07T04:55:24.534602Z,ACP: uso informativo; sin licencia abierta declarada,2026-07-26,acp,diaria,false
PAN,ACP.GATUN.NIVEL,Nivel observado del lago Gatún,2026,84.86,pies,https://evtms-rpts.pancanal.com/eng/h2o/Download_Gatun_Lake_Water_Level_History.csv,2026-10-07T04:55:24.534602Z,ACP: uso informativo; sin licencia abierta declarada,2026-07-27,acp,diaria,false
PAN,ACP.GATUN.NIVEL,Nivel observado del lago Gatún,2026,84.81,pies,https://evtms-rpts.pancanal.com/eng/h2o/Download_Gatun_Lake_Water_Level_History.csv,2026-10-07T04:55:24.534602Z,ACP: uso informativo; sin licencia abierta declarada,2026-07-28,acp,diaria,false
PAN,ACP.GATUN.NIVEL,Nivel observado del lago Gatún,2026,84.74,pies,https://evtms-rpts.pancanal.com/eng/h2o/Download_Gatun_Lake_Water_Level_History.csv,2026-10-07T04:55:24.534602Z,ACP: uso informativo; sin licencia abierta declarada,2026-07-29,acp,diaria,false
PAN,ACP.GATUN.NIVEL,Nivel observado del lago Gatún,2026,84.71,pies,https://evtms-rpts.pancanal.com/eng/h2o/Download_Gatun_Lake_Water_Level_History.csv,2026-10-07T04:55:24.534602Z,ACP: uso informativo; sin licencia abierta declarada,2026-07-30,acp,diaria,false
PAN,ACP.GATUN.NIVEL,Nivel observado del lago Gatún,2026,84.65,pies,https://evtms-rpts.pancanal.com/eng/h2o/Download_Gatun_Lake_Water_Level_History.csv,2026-10-07T04:55:24.534602Z,ACP: uso informativo; sin licencia abierta declarada,2026-07-31,acp,diaria,false
PAN,ACP.GATUN.NIVEL,Nivel observado del lago Gatún,2026,84.59,pies,https://evtms-rpts.pancanal.com/eng/h2o/Download_Gatun_Lake_Water_Level_History.csv,2026-10-07T04:55:24.534602Z,ACP: uso informativo; sin licencia abierta declarada,2026-08-01,acp,diaria,false
PAN,ACP.GATUN.NIVEL,Nivel observado del lago Gatún,2026,84.54,pies,https://evtms-rpts.pancanal.com/eng/h2o/Download_Gatun_Lake_Water_Level_History.csv,2026-10-07T04:55:24.534602Z,ACP: uso informativo; sin licencia abierta declarada,2026-08-02,acp,diaria,false
PAN,ACP.GATUN.NIVEL,Nivel observado del lago Gatún,2026,84.51,pies,https://evtms-rpts.pancanal.com/eng/h2o/Download_Gatun_Lake_Water_Level_History.csv,2026-10-07T04:55:24.534602Z,ACP: uso informativo; sin licencia abierta declarada,2026-08-03,acp,diaria,false
PAN,ACP.GATUN.NIVEL,Nivel observado del lago Gatún,2026,84.49,pies,https://evtms-rpts.pancanal.com/eng/h2o/Download_Gatun_Lake_Water_Level_History.csv,2026-10-07T04:55:24.534602Z,ACP: uso informativo; sin licencia abierta declarada,2026-08-04,acp,diaria,false
PAN,ACP.GATUN.NIVEL,Nivel observado del lago Gatún,2026,84.5,pies,https://evtms-rpts.pancanal.com/eng/h2o/Download_Gatun_Lake_Water_Level_History.csv,2026-10-07T04:55:24.534602Z,ACP: uso informativo; sin licencia abierta declarada,2026-08-05,acp,diaria,false
PAN,ACP.GATUN.NIVEL,Nivel observado del lago Gatún,2026,84.51,pies,https://evtms-rpts.pancanal.com/eng/h2o/Download_Gatun_Lake_Water_Level_History.csv,2026-10-07T04:55:24.534602Z,ACP: uso informativo; sin licencia abierta declarada,2026-08-06,acp,diaria,false
PAN,ACP.GATUN.NIVEL,Nivel observado del lago Gatún,2026,84.48,pies,https://evtms-rpts.pancanal.com/eng/h2o/Download_Gatun_Lake_Water_Level_History.csv,2026-10-07T04:55:24.534602Z,ACP: uso informativo; sin licencia abierta declarada,2026-08-07,acp,diaria,false
PAN,ACP.GATUN.NIVEL,Nivel observado del lago Gatún,2026,84.42,pies,https://evtms-rpts.pancanal.com/eng/h2o/Download_Gatun_Lake_Water_Level_History.csv,2026-10-07T04:55:24.534602Z,ACP: uso informativo; sin licencia abierta declarada,2026-08-08,acp,diaria,false
PAN,ACP.GATUN.NIVEL,Nivel observado del lago Gatún,2026,84.4,pies,https://evtms-rpts.pancanal.com/eng/h2o/Download_Gatun_Lake_Water_Level_History.csv,2026-10-07T04:55:24.534602Z,ACP: uso informativo; sin licencia abierta declarada,2026-08-09,acp,diaria,false
PAN,ACP.GATUN.NIVEL,Nivel observado del lago Gatún,2026,84.32,pies,https://evtms-rpts.pancanal.com/eng/h2o/Download_Gatun_Lake_Water_Level_History.csv,2026-10-07T04:55:24.534602Z,ACP: uso informativo; sin licencia abierta declarada,2026-08-10,acp,diaria,false
PAN,ACP.GATUN.NIVEL,Nivel observado del lago Gatún,2026,84.26,pies,https://evtms-rpts.pancanal.com/eng/h2o/Download_Gatun_Lake_Water_Level_History.csv,2026-10-07T04:55:24.534602Z,ACP: uso informativo; sin licencia abierta declarada,2026-08-11,acp,diaria,false
PAN,ACP.GATUN.NIVEL,Nivel observado del lago Gatún,2026,84.21,pies,https://evtms-rpts.pancanal.com/eng/h2o/Download_Gatun_Lake_Water_Level_History.csv,2026-10-07T04:55:24.534602Z,ACP: uso informativo; sin licencia abierta declarada,2026-08-12,acp,diaria,false
PAN,ACP.GATUN.NIVEL,Nivel observado del lago Gatún,2026,84.16,pies,https://evtms-rpts.pancanal.com/eng/h2o/Download_Gatun_Lake_Water_Level_History.csv,2026-10-07T04:55:24.534602Z,ACP: uso informativo; sin licencia abierta declarada,2026-08-13,acp,diaria,false
PAN,ACP.GATUN.NIVEL,Nivel observado del lago Gatún,2026,84.12,pies,https://evtms-rpts.pancanal.com/eng/h2o/Download_Gatun_Lake_Water_Level_History.csv,2026-10-07T04:55:24.534602Z,ACP: uso informativo; sin licencia abierta declarada,2026-08-14,acp,diaria,false
PAN,ACP.GATUN.NIVEL,Nivel observado del lago Gatún,2026,84.06,pies,https://evtms-rpts.pancanal.com/eng/h2o/Download_Gatun_Lake_Water_Level_History.csv,2026-10-07T04:55:24.534602Z,ACP: uso informativo; sin licencia abierta declarada,2026-08-15,acp,diaria,false
PAN,ACP.GATUN.NIVEL,Nivel observado del lago Gatún,2026,84.02,pies,https://evtms-rpts.pancanal.com/eng/h2o/Download_Gatun_Lake_Water_Level_History.csv,2026-10-07T04:55:24.534602Z,ACP: uso informativo; sin licencia abierta declarada,2026-08-16,acp,diaria,false
PAN,ACP.GATUN.NIVEL,Nivel observado del lago Gatún,2026,84.13,pies,https://evtms-rpts.pancanal.com/eng/h2o/Download_Gatun_Lake_Water_Level_History.csv,2026-10-07T04:55:24.534602Z,ACP: uso informativo; sin licencia abierta declarada,2026-08-17,acp,diaria,false
PAN,ACP.GATUN.NIVEL,Nivel observado del lago Gatún,2026,84.13,pies,https://evtms-rpts.pancanal.com/eng/h2o/Download_Gatun_Lake_Water_Level_History.csv,2026-10-07T04:55:24.534602Z,ACP: uso informativo; sin licencia abierta declarada,2026-08-18,acp,diaria,false
PAN,ACP.GATUN.NIVEL,Nivel observado del lago Gatún,2026,84.09,pies,https://evtms-rpts.pancanal.com/eng/h2o/Download_Gatun_Lake_Water_Level_History.csv,2026-10-07T04:55:24.534602Z,ACP: uso informativo; sin licencia abierta declarada,2026-08-19,acp,diaria,false
PAN,ACP.GATUN.NIVEL,Nivel observado del lago Gatún,2026,84.05,pies,https://evtms-rpts.pancanal.com/eng/h2o/Download_Gatun_Lake_Water_Level_History.csv,2026-10-07T04:55:24.534602Z,ACP: uso informativo; sin licencia abierta declarada,2026-08-20,acp,diaria,false
PAN,ACP.GATUN.NIVEL,Nivel observado del lago Gatún,2026,83.99,pies,https://evtms-rpts.pancanal.com/eng/h2o/Download_Gatun_Lake_Water_Level_History.csv,2026-10-07T04:55:24.534602Z,ACP: uso informativo; sin licencia abierta declarada,2026-08-21,acp,diaria,false
PAN,ACP.GATUN.NIVEL,Nivel observado del lago Gatún,2026,83.97,pies,https://evtms-rpts.pancanal.com/eng/h2o/Download_Gatun_Lake_Water_Level_History.csv,2026-10-07T04:55:24.534602Z,ACP: uso informativo; sin licencia abierta declarada,2026-08-22,acp,diaria,false
PAN,ACP.GATUN.NIVEL,Nivel observado del lago Gatún,2026,83.92,pies,https://evtms-rpts.pancanal.com/eng/h2o/Download_Gatun_Lake_Water_Level_History.csv,2026-10-07T04:55:24.534602Z,ACP: uso informativo; sin licencia abierta declarada,2026-08-23,acp,diaria,false
PAN,ACP.GATUN.NIVEL,Nivel observado del lago Gatún,2026,83.86,pies,https://evtms-rpts.pancanal.com/eng/h2o/Download_Gatun_Lake_Water_Level_History.csv,2026-10-07T04:55:24.534602Z,ACP: uso informativo; sin licencia abierta declarada,2026-08-24,acp,diaria,false
PAN,ACP.GATUN.NIVEL,Nivel observado del lago Gatún,2026,83.84,pies,https://evtms-rpts.pancanal.com/eng/h2o/Download_Gatun_Lake_Water_Level_History.csv,2026-10-07T04:55:24.534602Z,ACP: uso informativo; sin licencia abierta declarada,2026-08-25,acp,diaria,false
PAN,ACP.GATUN.NIVEL,Nivel observado del lago Gatún,2026,83.8,pies,https://evtms-rpts.pancanal.com/eng/h2o/Download_Gatun_Lake_Water_Level_History.csv,2026-10-07T04:55:24.534602Z,ACP: uso informativo; sin licencia abierta declarada,2026-08-26,acp,diaria,false
PAN,ACP.GATUN.NIVEL,Nivel observado del lago Gatún,2026,83.84,pies,https://evtms-rpts.pancanal.com/eng/h2o/Download_Gatun_Lake_Water_Level_History.csv,2026-10-07T04:55:24.534602Z,ACP: uso informativo; sin licencia abierta declarada,2026-08-27,acp,diaria,false
PAN,ACP.GATUN.NIVEL,Nivel observado del lago Gatún,2026,83.88,pies,https://evtms-rpts.pancanal.com/eng/h2o/Download_Gatun_Lake_Water_Level_History.csv,2026-10-07T04:55:24.534602Z,ACP: uso informativo; sin licencia abierta declarada,2026-08-28,acp,diaria,false
PAN,ACP.GATUN.NIVEL,Nivel observado del lago Gatún,2026,84.01,pies,https://evtms-rpts.pancanal.com/eng/h2o/Download_Gatun_Lake_Water_Level_History.csv,2026-10-07T04:55:24.534602Z,ACP: uso informativo; sin licencia abierta declarada,2026-08-29,acp,diaria,false
PAN,ACP.GATUN.NIVEL,Nivel observado del lago Gatún,2026,84.08,pies,https://evtms-rpts.pancanal.com/eng/h2o/Download_Gatun_Lake_Water_Level_History.csv,2026-10-07T04:55:24.534602Z,ACP: uso informativo; sin licencia abierta declarada,2026-08-30,acp,diaria,false
PAN,ACP.GATUN.NIVEL,Nivel observado del lago Gatún,2026,84.07,pies,https://evtms-rpts.pancanal.com/eng/h2o/Download_Gatun_Lake_Water_Level_History.csv,2026-10-07T04:55:24.534602Z,ACP: uso informativo; sin licencia abierta declarada,2026-08-31,acp,diaria,false
PAN,ACP.GATUN.NIVEL,Nivel observado del lago Gatún,2026,84.04,pies,https://evtms-rpts.pancanal.com/eng/h2o/Download_Gatun_Lake_Water_Level_History.csv,2026-10-07T04:55:24.534602Z,ACP: uso informativo; sin licencia abierta declarada,2026-09-01,acp,diaria,false
PAN,ACP.GATUN.NIVEL,Nivel observado del lago Gatún,2026,84.0,pies,https://evtms-rpts.pancanal.com/eng/h2o/Download_Gatun_Lake_Water_Level_History.csv,2026-10-07T04:55:24.534602Z,ACP: uso informativo; sin licencia abierta declarada,2026-09-02,acp,diaria,false
PAN,ACP.GATUN.NIVEL,Nivel observado del lago Gatún,2026,84.02,pies,https://evtms-rpts.pancanal.com/eng/h2o/Download_Gatun_Lake_Water_Level_History.csv,2026-10-07T04:55:24.534602Z,ACP: uso informativo; sin licencia abierta declarada,2026-09-03,acp,diaria,false
PAN,ACP.GATUN.NIVEL,Nivel observado del lago Gatún,2026,84.0,pies,https://evtms-rpts.pancanal.com/eng/h2o/Download_Gatun_Lake_Water_Level_History.csv,2026-10-07T04:55:24.534602Z,ACP: uso informativo; sin licencia abierta declarada,2026-09-04,acp,diaria,false
PAN,ACP.GATUN.NIVEL,Nivel observado del lago Gatún,2026,84.0,pies,https://evtms-rpts.pancanal.com/eng/h2o/Download_Gatun_Lake_Water_Level_History.csv,2026-10-07T04:55:24.534602Z,ACP: uso informativo; sin licencia abierta declarada,2026-09-05,acp,diaria,false
PAN,ACP.GATUN.NIVEL,Nivel observado del lago Gatún,2026,84.1,pies,https://evtms-rpts.pancanal.com/eng/h2o/Download_Gatun_Lake_Water_Level_History.csv,2026-10-07T04:55:24.534602Z,ACP: uso informativo; sin licencia abierta declarada,2026-09-06,acp,diaria,false
PAN,ACP.GATUN.NIVEL,Nivel observado del lago Gatún,2026,84.09,pies,https://evtms-rpts.pancanal.com/eng/h2o/Download_Gatun_Lake_Water_Level_History.csv,2026-10-07T04:55:24.534602Z,ACP: uso informativo; sin licencia abierta declarada,2026-09-07,acp,diaria,false
PAN,ACP.GATUN.NIVEL,Nivel observado del lago Gatún,2026,84.06,pies,https://evtms-rpts.pancanal.com/eng/h2o/Download_Gatun_Lake_Water_Level_History.csv,2026-10-07T04:55:24.534602Z,ACP: uso informativo; sin licencia abierta declarada,2026-09-08,acp,diaria,false
PAN,ACP.GATUN.NIVEL,Nivel observado del lago Gatún,2026,84.09,pies,https://evtms-rpts.pancanal.com/eng/h2o/Download_Gatun_Lake_Water_Level_History.csv,2026-10-07T04:55:24.534602Z,ACP: uso informativo; sin licencia abierta declarada,2026-09-09,acp,diaria,false
PAN,ACP.GATUN.NIVEL,Nivel observado del lago Gatún,2026,84.04,pies,https://evtms-rpts.pancanal.com/eng/h2o/Download_Gatun_Lake_Water_Level_History.csv,2026-10-07T04:55:24.534602Z,ACP: uso informativo; sin licencia abierta declarada,2026-09-10,acp,diaria,false
PAN,ACP.GATUN.NIVEL,Nivel observado del lago Gatún,2026,84.07,pies,https://evtms-rpts.pancanal.com/eng/h2o/Download_Gatun_Lake_Water_Level_History.csv,2026-10-07T04:55:24.534602Z,ACP: uso informativo; sin licencia abierta declarada,2026-09-11,acp,diaria,false
PAN,ACP.GATUN.NIVEL,Nivel observado del lago Gatún,2026,84.08,pies,https://evtms-rpts.pancanal.com/eng/h2o/Download_Gatun_Lake_Water_Level_History.csv,2026-10-07T04:55:24.534602Z,ACP: uso informativo; sin licencia abierta declarada,2026-09-12,acp,diaria,false
PAN,ACP.GATUN.NIVEL,Nivel observado del lago Gatún,2026,84.19,pies,https://evtms-rpts.pancanal.com/eng/h2o/Download_Gatun_Lake_Water_Level_History.csv,2026-10-07T04:55:24.534602Z,ACP: uso informativo; sin licencia abierta declarada,2026-09-13,acp,diaria,false
PAN,ACP.GATUN.NIVEL,Nivel observado del lago Gatún,2026,84.28,pies,https://evtms-rpts.pancanal.com/eng/h2o/Download_Gatun_Lake_Water_Level_History.csv,2026-10-07T04:55:24.534602Z,ACP: uso informativo; sin licencia abierta declarada,2026-09-14,acp,diaria,false
PAN,ACP.GATUN.NIVEL,Nivel observado del lago Gatún,2026,84.4,pies,https://evtms-rpts.pancanal.com/eng/h2o/Download_Gatun_Lake_Water_Level_History.csv,2026-10-07T04:55:24.534602Z,ACP: uso informativo; sin licencia abierta declarada,2026-09-15,acp,diaria,false
PAN,ACP.GATUN.NIVEL,Nivel observado del lago Gatún,2026,84.47,pies,https://evtms-rpts.pancanal.com/eng/h2o/Download_Gatun_Lake_Water_Level_History.csv,2026-10-07T04:55:24.534602Z,ACP: uso informativo; sin licencia abierta declarada,2026-09-16,acp,diaria,false
PAN,ACP.GATUN.NIVEL,Nivel observado del lago Gatún,2026,84.47,pies,https://evtms-rpts.pancanal.com/eng/h2o/Download_Gatun_Lake_Water_Level_History.csv,2026-10-07T04:55:24.534602Z,ACP: uso informativo; sin licencia abierta declarada,2026-09-17,acp,diaria,false
PAN,ACP.GATUN.NIVEL,Nivel observado del lago Gatún,2026,84.47,pies,https://evtms-rpts.pancanal.com/eng/h2o/Download_Gatun_Lake_Water_Level_History.csv,2026-10-07T04:55:24.534602Z,ACP: uso informativo; sin licencia abierta declarada,2026-09-18,acp,diaria,false
PAN,ACP.GATUN.NIVEL,Nivel observado del lago Gatún,2026,84.54,pies,https://evtms-rpts.pancanal.com/eng/h2o/Download_Gatun_Lake_Water_Level_History.csv,2026-10-07T04:55:24.534602Z,ACP: uso informativo; sin licencia abierta declarada,2026-09-19,acp,diaria,false
PAN,ACP.GATUN.NIVEL,Nivel observado del lago Gatún,2026,84.55,pies,https://evtms-rpts.pancanal.com/eng/h2o/Download_Gatun_Lake_Water_Level_History.csv,2026-10-07T04:55:24.534602Z,ACP: uso informativo; sin licencia abierta declarada,2026-09-20,acp,diaria,false
PAN,ACP.GATUN.NIVEL,Nivel observado del lago Gatún,2026,84.54,pies,https://evtms-rpts.pancanal.com/eng/h2o/Download_Gatun_Lake_Water_Level_History.csv,2026-10-07T04:55:24.534602Z,ACP: uso informativo; sin licencia abierta declarada,2026-09-21,acp,diaria,false
PAN,ACP.GATUN.NIVEL,Nivel observado del lago Gatún,2026,84.59,pies,https://evtms-rpts.pancanal.com/eng/h2o/Download_Gatun_Lake_Water_Level_History.csv,2026-10-07T04:55:24.534602Z,ACP: uso informativo; sin licencia abierta declarada,2026-09-22,acp,diaria,false
PAN,ACP.GATUN.NIVEL,Nivel observado del lago Gatún,2026,84.59,pies,https://evtms-rpts.pancanal.com/eng/h2o/Download_Gatun_Lake_Water_Level_History.csv,2026-10-07T04:55:24.534602Z,ACP: uso informativo; sin licencia abierta declarada,2026-09-23,acp,diaria,false
PAN,ACP.GATUN.NIVEL,Nivel observado del lago Gatún,2026,84.63,pies,https://evtms-rpts.pancanal.com/eng/h2o/Download_Gatun_Lake_Water_Level_History.csv,2026-10-07T04:55:24.534602Z,ACP: uso informativo; sin licencia abierta declarada,2026-09-24,acp,diaria,false
PAN,ACP.GATUN.NIVEL,Nivel observado del lago Gatún,2026,84.61,pies,https://evtms-rpts.pancanal.com/eng/h2o/Download_Gatun_Lake_Water_Level_History.csv,2026-10-07T04:55:24.534602Z,ACP: uso informativo; sin licencia abierta declarada,2026-09-25,acp,diaria,false
PAN,ACP.GATUN.NIVEL,Nivel observado del lago Gatún,2026,84.66,pies,https://evtms-rpts.pancanal.com/eng/h2o/Download_Gatun_Lake_Water_Level_History.csv,2026-10-07T04:55:24.534602Z,ACP: uso informativo; sin licencia abierta declarada,2026-09-26,acp,diaria,false
PAN,ACP.GATUN.NIVEL,Nivel observado del lago Gatún,2026,84.74,pies,https://evtms-rpts.pancanal.com/eng/h2o/Download_Gatun_Lake_Water_Level_History.csv,2026-10-07T04:55:24.534602Z,ACP: uso informativo; sin licencia abierta declarada,2026-09-27,acp,diaria,false
PAN,ACP.GATUN.NIVEL,Nivel observado del lago Gatún,2026,84.79,pies,https://evtms-rpts.pancanal.com/eng/h2o/Download_Gatun_Lake_Water_Level_History.csv,2026-10-07T04:55:24.534602Z,ACP: uso informativo; sin licencia abierta declarada,2026-09-28,acp,diaria,false
PAN,ACP.GATUN.NIVEL,Nivel observado del lago Gatún,2026,84.88,pies,https://evtms-rpts.pancanal.com/eng/h2o/Download_Gatun_Lake_Water_Level_History.csv,2026-10-07T04:55:24.534602Z,ACP: uso informativo; sin licencia abierta declarada,2026-09-29,acp,diaria,false
PAN,ACP.GATUN.NIVEL,Nivel observado del lago Gatún,2026,85.01,pies,https://evtms-rpts.pancanal.com/eng/h2o/Download_Gatun_Lake_Water_Level_History.csv,2026-10-07T04:55:24.534602Z,ACP: uso informativo; sin licencia abierta declarada,2026-09-30,acp,diaria,false
PAN,ACP.GATUN.PROYECCION,"Proyección del lago Gatún; ausente al corte, no reconstruida",2025,null,pies,https://evtms-rpts.pancanal.com/eng/h2o/Gatun_Water_Level_Projection.csv,2026-10-07T04:55:24.793546Z,ACP: uso informativo; sin licencia abierta declarada,2025-09-02,acp,diaria,true
PAN,ACP.GATUN.PROYECCION,"Proyección del lago Gatún; ausente al corte, no reconstruida",2025,null,pies,https://evtms-rpts.pancanal.com/eng/h2o/Gatun_Water_Level_Projection.csv,2026-10-07T04:55:24.793546Z,ACP: uso informativo; sin licencia abierta declarada,2025-09-03,acp,diaria,true
PAN,ACP.GATUN.PROYECCION,"Proyección del lago Gatún; ausente al corte, no reconstruida",2025,null,pies,https://evtms-rpts.pancanal.com/eng/h2o/Gatun_Water_Level_Projection.csv,2026-10-07T04:55:24.793546Z,ACP: uso informativo; sin licencia abierta declarada,2025-09-04,acp,diaria,true
PAN,ACP.GATUN.PROYECCION,"Proyección del lago Gatún; ausente al corte, no reconstruida",2025,null,pies,https://evtms-rpts.pancanal.com/eng/h2o/Gatun_Water_Level_Projection.csv,2026-10-07T04:55:24.793546Z,ACP: uso informativo; sin licencia abierta declarada,2025-09-05,acp,diaria,true
PAN,ACP.GATUN.PROYECCION,"Proyección del lago Gatún; ausente al corte, no reconstruida",2025,null,pies,https://evtms-rpts.pancanal.com/eng/h2o/Gatun_Water_Level_Projection.csv,2026-10-07T04:55:24.793546Z,ACP: uso informativo; sin licencia abierta declarada,2025-09-06,acp,diaria,true
PAN,ACP.GATUN.PROYECCION,"Proyección del lago Gatún; ausente al corte, no reconstruida",2025,null,pies,https://evtms-rpts.pancanal.com/eng/h2o/Gatun_Water_Level_Projection.csv,2026-10-07T04:55:24.793546Z,ACP: uso informativo; sin licencia abierta declarada,2025-09-07,acp,diaria,true
PAN,ACP.GATUN.PROYECCION,"Proyección del lago Gatún; ausente al corte, no reconstruida",2025,null,pies,https://evtms-rpts.pancanal.com/eng/h2o/Gatun_Water_Level_Projection.csv,2026-10-07T04:55:24.793546Z,ACP: uso informativo; sin licencia abierta declarada,2025-09-08,acp,diaria,true
PAN,ACP.GATUN.PROYECCION,"Proyección del lago Gatún; ausente al corte, no reconstruida",2025,null,pies,https://evtms-rpts.pancanal.com/eng/h2o/Gatun_Water_Level_Projection.csv,2026-10-07T04:55:24.793546Z,ACP: uso informativo; sin licencia abierta declarada,2025-09-09,acp,diaria,true
PAN,ACP.GATUN.PROYECCION,"Proyección del lago Gatún; ausente al corte, no reconstruida",2025,null,pies,https://evtms-rpts.pancanal.com/eng/h2o/Gatun_Water_Level_Projection.csv,2026-10-07T04:55:24.793546Z,ACP: uso informativo; sin licencia abierta declarada,2025-09-10,acp,diaria,true
PAN,ACP.GATUN.PROYECCION,"Proyección del lago Gatún; ausente al corte, no reconstruida",2025,null,pies,https://evtms-rpts.pancanal.com/eng/h2o/Gatun_Water_Level_Projection.csv,2026-10-07T04:55:24.793546Z,ACP: uso informativo; sin licencia abierta declarada,2025-09-11,acp,diaria,true
PAN,ACP.GATUN.PROYECCION,"Proyección del lago Gatún; ausente al corte, no reconstruida",2025,null,pies,https://evtms-rpts.pancanal.com/eng/h2o/Gatun_Water_Level_Projection.csv,2026-10-07T04:55:24.793546Z,ACP: uso informativo; sin licencia abierta declarada,2025-09-12,acp,diaria,true
PAN,ACP.GATUN.PROYECCION,"Proyección del lago Gatún; ausente al corte, no reconstruida",2025,null,pies,https://evtms-rpts.pancanal.com/eng/h2o/Gatun_Water_Level_Projection.csv,2026-10-07T04:55:24.793546Z,ACP: uso informativo; sin licencia abierta declarada,2025-09-13,acp,diaria,true
PAN,ACP.GATUN.PROYECCION,"Proyección del lago Gatún; ausente al corte, no reconstruida",2025,null,pies,https://evtms-rpts.pancanal.com/eng/h2o/Gatun_Water_Level_Projection.csv,2026-10-07T04:55:24.793546Z,ACP: uso informativo; sin licencia abierta declarada,2025-09-14,acp,diaria,true
PAN,ACP.GATUN.PROYECCION,"Proyección del lago Gatún; ausente al corte, no reconstruida",2025,null,pies,https://evtms-rpts.pancanal.com/eng/h2o/Gatun_Water_Level_Projection.csv,2026-10-07T04:55:24.793546Z,ACP: uso informativo; sin licencia abierta declarada,2025-09-15,acp,diaria,true
PAN,ACP.GATUN.PROYECCION,"Proyección del lago Gatún; ausente al corte, no reconstruida",2025,null,pies,https://evtms-rpts.pancanal.com/eng/h2o/Gatun_Water_Level_Projection.csv,2026-10-07T04:55:24.793546Z,ACP: uso informativo; sin licencia abierta declarada,2025-09-16,acp,diaria,true
PAN,ACP.GATUN.PROYECCION,"Proyección del lago Gatún; ausente al corte, no reconstruida",2025,null,pies,https://evtms-rpts.pancanal.com/eng/h2o/Gatun_Water_Level_Projection.csv,2026-10-07T04:55:24.793546Z,ACP: uso informativo; sin licencia abierta declarada,2025-09-17,acp,diaria,true
PAN,ACP.GATUN.PROYECCION,"Proyección del lago Gatún; ausente al corte, no reconstruida",2025,null,pies,https://evtms-rpts.pancanal.com/eng/h2o/Gatun_Water_Level_Projection.csv,2026-10-07T04:55:24.793546Z,ACP: uso informativo; sin licencia abierta declarada,2025-09-18,acp,diaria,true
PAN,ACP.GATUN.PROYECCION,"Proyección del lago Gatún; ausente al corte, no reconstruida",2025,null,pies,https://evtms-rpts.pancanal.com/eng/h2o/Gatun_Water_Level_Projection.csv,2026-10-07T04:55:24.793546Z,ACP: uso informativo; sin licencia abierta declarada,2025-09-19,acp,diaria,true
PAN,ACP.GATUN.PROYECCION,"Proyección del lago Gatún; ausente al corte, no reconstruida",2025,null,pies,https://evtms-rpts.pancanal.com/eng/h2o/Gatun_Water_Level_Projection.csv,2026-10-07T04:55:24.793546Z,ACP: uso informativo; sin licencia abierta declarada,2025-09-20,acp,diaria,true
PAN,ACP.GATUN.PROYECCION,"Proyección del lago Gatún; ausente al corte, no reconstruida",2025,null,pies,https://evtms-rpts.pancanal.com/eng/h2o/Gatun_Water_Level_Projection.csv,2026-10-07T04:55:24.793546Z,ACP: uso informativo; sin licencia abierta declarada,2025-09-21,acp,diaria,true
PAN,ACP.GATUN.PROYECCION,"Proyección del lago Gatún; ausente al corte, no reconstruida",2025,null,pies,https://evtms-rpts.pancanal.com/eng/h2o/Gatun_Water_Level_Projection.csv,2026-10-07T04:55:24.793546Z,ACP: uso informativo; sin licencia abierta declarada,2025-09-22,acp,diaria,true
PAN,ACP.GATUN.PROYECCION,"Proyección del lago Gatún; ausente al corte, no reconstruida",2025,null,pies,https://evtms-rpts.pancanal.com/eng/h2o/Gatun_Water_Level_Projection.csv,2026-10-07T04:55:24.793546Z,ACP: uso informativo; sin licencia abierta declarada,2025-09-23,acp,diaria,true
PAN,ACP.GATUN.PROYECCION,"Proyección del lago Gatún; ausente al corte, no reconstruida",2025,null,pies,https://evtms-rpts.pancanal.com/eng/h2o/Gatun_Water_Level_Projection.csv,2026-10-07T04:55:24.793546Z,ACP: uso informativo; sin licencia abierta declarada,2025-09-24,acp,diaria,true
PAN,ACP.GATUN.PROYECCION,"Proyección del lago Gatún; ausente al corte, no reconstruida",2025,null,pies,https://evtms-rpts.pancanal.com/eng/h2o/Gatun_Water_Level_Projection.csv,2026-10-07T04:55:24.793546Z,ACP: uso informativo; sin licencia abierta declarada,2025-09-25,acp,diaria,true
PAN,ACP.GATUN.PROYECCION,"Proyección del lago Gatún; ausente al corte, no reconstruida",2025,null,pies,https://evtms-rpts.pancanal.com/eng/h2o/Gatun_Water_Level_Projection.csv,2026-10-07T04:55:24.793546Z,ACP: uso informativo; sin licencia abierta declarada,2025-09-26,acp,diaria,true
PAN,ACP.GATUN.PROYECCION,"Proyección del lago Gatún; ausente al corte, no reconstruida",2025,null,pies,https://evtms-rpts.pancanal.com/eng/h2o/Gatun_Water_Level_Projection.csv,2026-10-07T04:55:24.793546Z,ACP: uso informativo; sin licencia abierta declarada,2025-09-27,acp,diaria,true
PAN,ACP.GATUN.PROYECCION,"Proyección del lago Gatún; ausente al corte, no reconstruida",2025,null,pies,https://evtms-rpts.pancanal.com/eng/h2o/Gatun_Water_Level_Projection.csv,2026-10-07T04:55:24.793546Z,ACP: uso informativo; sin licencia abierta declarada,2025-09-28,acp,diaria,true
PAN,ACP.GATUN.PROYECCION,"Proyección del lago Gatún; ausente al corte, no reconstruida",2025,null,pies,https://evtms-rpts.pancanal.com/eng/h2o/Gatun_Water_Level_Projection.csv,2026-10-07T04:55:24.793546Z,ACP: uso informativo; sin licencia abierta declarada,2025-09-29,acp,diaria,true
PAN,ACP.GATUN.PROYECCION,"Proyección del lago Gatún; ausente al corte, no reconstruida",2025,null,pies,https://evtms-rpts.pancanal.com/eng/h2o/Gatun_Water_Level_Projection.csv,2026-10-07T04:55:24.793546Z,ACP: uso informativo; sin licencia abierta declarada,2025-09-30,acp,diaria,true
PAN,ACP.GATUN.PROYECCION,"Proyección del lago Gatún; ausente al corte, no reconstruida",2025,null,pies,https://evtms-rpts.pancanal.com/eng/h2o/Gatun_Water_Level_Projection.csv,2026-10-07T04:55:24.793546Z,ACP: uso informativo; sin licencia abierta declarada,2025-10-01,acp,diaria,true
PAN,ACP.GATUN.PROYECCION,"Proyección del lago Gatún; ausente al corte, no reconstruida",2025,null,pies,https://evtms-rpts.pancanal.com/eng/h2o/Gatun_Water_Level_Projection.csv,2026-10-07T04:55:24.793546Z,ACP: uso informativo; sin licencia abierta declarada,2025-10-02,acp,diaria,true
PAN,ACP.GATUN.PROYECCION,"Proyección del lago Gatún; ausente al corte, no reconstruida",2025,null,pies,https://evtms-rpts.pancanal.com/eng/h2o/Gatun_Water_Level_Projection.csv,2026-10-07T04:55:24.793546Z,ACP: uso informativo; sin licencia abierta declarada,2025-10-03,acp,diaria,true
PAN,ACP.GATUN.PROYECCION,"Proyección del lago Gatún; ausente al corte, no reconstruida",2025,null,pies,https://evtms-rpts.pancanal.com/eng/h2o/Gatun_Water_Level_Projection.csv,2026-10-07T04:55:24.793546Z,ACP: uso informativo; sin licencia abierta declarada,2025-10-04,acp,diaria,true
PAN,ACP.GATUN.PROYECCION,"Proyección del lago Gatún; ausente al corte, no reconstruida",2025,null,pies,https://evtms-rpts.pancanal.com/eng/h2o/Gatun_Water_Level_Projection.csv,2026-10-07T04:55:24.793546Z,ACP: uso informativo; sin licencia abierta declarada,2025-10-05,acp,diaria,true
PAN,ACP.GATUN.PROYECCION,"Proyección del lago Gatún; ausente al corte, no reconstruida",2025,null,pies,https://evtms-rpts.pancanal.com/eng/h2o/Gatun_Water_Level_Projection.csv,2026-10-07T04:55:24.793546Z,ACP: uso informativo; sin licencia abierta declarada,2025-10-06,acp,diaria,true
PAN,ACP.GATUN.PROYECCION,"Proyección del lago Gatún; ausente al corte, no reconstruida",2025,null,pies,https://evtms-rpts.pancanal.com/eng/h2o/Gatun_Water_Level_Projection.csv,2026-10-07T04:55:24.793546Z,ACP: uso informativo; sin licencia abierta declarada,2025-10-07,acp,diaria,true
PAN,ACP.GATUN.PROYECCION,"Proyección del lago Gatún; ausente al corte, no reconstruida",2025,null,pies,https://evtms-rpts.pancanal.com/eng/h2o/Gatun_Water_Level_Projection.csv,2026-10-07T04:55:24.793546Z,ACP: uso informativo; sin licencia abierta declarada,2025-10-08,acp,diaria,true
PAN,ACP.GATUN.PROYECCION,"Proyección del lago Gatún; ausente al corte, no reconstruida",2025,null,pies,https://evtms-rpts.pancanal.com/eng/h2o/Gatun_Water_Level_Projection.csv,2026-10-07T04:55:24.793546Z,ACP: uso informativo; sin licencia abierta declarada,2025-10-09,acp,diaria,true
PAN,ACP.GATUN.PROYECCION,"Proyección del lago Gatún; ausente al corte, no reconstruida",2025,null,pies,https://evtms-rpts.pancanal.com/eng/h2o/Gatun_Water_Level_Projection.csv,2026-10-07T04:55:24.793546Z,ACP: uso informativo; sin licencia abierta declarada,2025-10-10,acp,diaria,true
PAN,ACP.GATUN.PROYECCION,"Proyección del lago Gatún; ausente al corte, no reconstruida",2025,null,pies,https://evtms-rpts.pancanal.com/eng/h2o/Gatun_Water_Level_Projection.csv,2026-10-07T04:55:24.793546Z,ACP: uso informativo; sin licencia abierta declarada,2025-10-11,acp,diaria,true
PAN,ACP.GATUN.PROYECCION,"Proyección del lago Gatún; ausente al corte, no reconstruida",2025,null,pies,https://evtms-rpts.pancanal.com/eng/h2o/Gatun_Water_Level_Projection.csv,2026-10-07T04:55:24.793546Z,ACP: uso informativo; sin licencia abierta declarada,2025-10-12,acp,diaria,true
PAN,ACP.GATUN.PROYECCION,"Proyección del lago Gatún; ausente al corte, no reconstruida",2025,null,pies,https://evtms-rpts.pancanal.com/eng/h2o/Gatun_Water_Level_Projection.csv,2026-10-07T04:55:24.793546Z,ACP: uso informativo; sin licencia abierta declarada,2025-10-13,acp,diaria,true
PAN,ACP.GATUN.PROYECCION,"Proyección del lago Gatún; ausente al corte, no reconstruida",2025,null,pies,https://evtms-rpts.pancanal.com/eng/h2o/Gatun_Water_Level_Projection.csv,2026-10-07T04:55:24.793546Z,ACP: uso informativo; sin licencia abierta declarada,2025-10-14,acp,diaria,true
PAN,ACP.GATUN.PROYECCION,"Proyección del lago Gatún; ausente al corte, no reconstruida",2025,null,pies,https://evtms-rpts.pancanal.com/eng/h2o/Gatun_Water_Level_Projection.csv,2026-10-07T04:55:24.793546Z,ACP: uso informativo; sin licencia abierta declarada,2025-10-15,acp,diaria,true
PAN,ACP.GATUN.PROYECCION,"Proyección del lago Gatún; ausente al corte, no reconstruida",2025,null,pies,https://evtms-rpts.pancanal.com/eng/h2o/Gatun_Water_Level_Projection.csv,2026-10-07T04:55:24.793546Z,ACP: uso informativo; sin licencia abierta declarada,2025-10-16,acp,diaria,true
PAN,ACP.GATUN.PROYECCION,"Proyección del lago Gatún; ausente al corte, no reconstruida",2025,null,pies,https://evtms-rpts.pancanal.com/eng/h2o/Gatun_Water_Level_Projection.csv,2026-10-07T04:55:24.793546Z,ACP: uso informativo; sin licencia abierta declarada,2025-10-17,acp,diaria,true
PAN,ACP.GATUN.PROYECCION,"Proyección del lago Gatún; ausente al corte, no reconstruida",2025,null,pies,https://evtms-rpts.pancanal.com/eng/h2o/Gatun_Water_Level_Projection.csv,2026-10-07T04:55:24.793546Z,ACP: uso informativo; sin licencia abierta declarada,2025-10-18,acp,diaria,true
PAN,ACP.GATUN.PROYECCION,"Proyección del lago Gatún; ausente al corte, no reconstruida",2025,null,pies,https://evtms-rpts.pancanal.com/eng/h2o/Gatun_Water_Level_Projection.csv,2026-10-07T04:55:24.793546Z,ACP: uso informativo; sin licencia abierta declarada,2025-10-19,acp,diaria,true
PAN,ACP.GATUN.PROYECCION,"Proyección del lago Gatún; ausente al corte, no reconstruida",2025,null,pies,https://evtms-rpts.pancanal.com/eng/h2o/Gatun_Water_Level_Projection.csv,2026-10-07T04:55:24.793546Z,ACP: uso informativo; sin licencia abierta declarada,2025-10-20,acp,diaria,true
PAN,ACP.GATUN.PROYECCION,"Proyección del lago Gatún; ausente al corte, no reconstruida",2025,null,pies,https://evtms-rpts.pancanal.com/eng/h2o/Gatun_Water_Level_Projection.csv,2026-10-07T04:55:24.793546Z,ACP: uso informativo; sin licencia abierta declarada,2025-10-21,acp,diaria,true
PAN,ACP.GATUN.PROYECCION,"Proyección del lago Gatún; ausente al corte, no reconstruida",2025,null,pies,https://evtms-rpts.pancanal.com/eng/h2o/Gatun_Water_Level_Projection.csv,2026-10-07T04:55:24.793546Z,ACP: uso informativo; sin licencia abierta declarada,2025-10-22,acp,diaria,true
PAN,ACP.GATUN.PROYECCION,"Proyección del lago Gatún; ausente al corte, no reconstruida",2025,null,pies,https://evtms-rpts.pancanal.com/eng/h2o/Gatun_Water_Level_Projection.csv,2026-10-07T04:55:24.793546Z,ACP: uso informativo; sin licencia abierta declarada,2025-10-23,acp,diaria,true
PAN,ACP.GATUN.PROYECCION,"Proyección del lago Gatún; ausente al corte, no reconstruida",2025,null,pies,https://evtms-rpts.pancanal.com/eng/h2o/Gatun_Water_Level_Projection.csv,2026-10-07T04:55:24.793546Z,ACP: uso informativo; sin licencia abierta declarada,2025-10-24,acp,diaria,true
PAN,ACP.GATUN.PROYECCION,"Proyección del lago Gatún; ausente al corte, no reconstruida",2025,null,pies,https://evtms-rpts.pancanal.com/eng/h2o/Gatun_Water_Level_Projection.csv,2026-10-07T04:55:24.793546Z,ACP: uso informativo; sin licencia abierta declarada,2025-10-25,acp,diaria,true
PAN,ACP.GATUN.PROYECCION,"Proyección del lago Gatún; ausente al corte, no reconstruida",2025,null,pies,https://evtms-rpts.pancanal.com/eng/h2o/Gatun_Water_Level_Projection.csv,2026-10-07T04:55:24.793546Z,ACP: uso informativo; sin licencia abierta declarada,2025-10-26,acp,diaria,true
PAN,ACP.GATUN.PROYECCION,"Proyección del lago Gatún; ausente al corte, no reconstruida",2025,null,pies,https://evtms-rpts.pancanal.com/eng/h2o/Gatun_Water_Level_Projection.csv,2026-10-07T04:55:24.793546Z,ACP: uso informativo; sin licencia abierta declarada,2025-10-27,acp,diaria,true
PAN,ACP.GATUN.PROYECCION,"Proyección del lago Gatún; ausente al corte, no reconstruida",2025,null,pies,https://evtms-rpts.pancanal.com/eng/h2o/Gatun_Water_Level_Projection.csv,2026-10-07T04:55:24.793546Z,ACP: uso informativo; sin licencia abierta declarada,2025-10-28,acp,diaria,true
PAN,ACP.GATUN.PROYECCION,"Proyección del lago Gatún; ausente al corte, no reconstruida",2025,null,pies,https://evtms-rpts.pancanal.com/eng/h2o/Gatun_Water_Level_Projection.csv,2026-10-07T04:55:24.793546Z,ACP: uso informativo; sin licencia abierta declarada,2025-10-29,acp,diaria,true
PAN,ACP.GATUN.PROYECCION,"Proyección del lago Gatún; ausente al corte, no reconstruida",2025,null,pies,https://evtms-rpts.pancanal.com/eng/h2o/Gatun_Water_Level_Projection.csv,2026-10-07T04:55:24.793546Z,ACP: uso informativo; sin licencia abierta declarada,2025-10-30,acp,diaria,true
PAN,ACP.GATUN.PROYECCION,"Proyección del lago Gatún; ausente al corte, no reconstruida",2025,null,pies,https://evtms-rpts.pancanal.com/eng/h2o/Gatun_Water_Level_Projection.csv,2026-10-07T04:55:24.793546Z,ACP: uso informativo; sin licencia abierta declarada,2025-10-31,acp,diaria,true
PAN,ACP.GATUN.PROYECCION,"Proyección del lago Gatún; ausente al corte, no reconstruida",2025,null,pies,https://evtms-rpts.pancanal.com/eng/h2o/Gatun_Water_Level_Projection.csv,2026-10-07T04:55:24.793546Z,ACP: uso informativo; sin licencia abierta declarada,2025-11-01,acp,diaria,true
PAN,ACP.GATUN.PROYECCION,"Proyección del lago Gatún; ausente al corte, no reconstruida",2025,null,pies,https://evtms-rpts.pancanal.com/eng/h2o/Gatun_Water_Level_Projection.csv,2026-10-07T04:55:24.793546Z,ACP: uso informativo; sin licencia abierta declarada,2025-11-02,acp,diaria,true
PAN,ACP.GATUN.PROYECCION,"Proyección del lago Gatún; ausente al corte, no reconstruida",2025,null,pies,https://evtms-rpts.pancanal.com/eng/h2o/Gatun_Water_Level_Projection.csv,2026-10-07T04:55:24.793546Z,ACP: uso informativo; sin licencia abierta declarada,2025-11-03,acp,diaria,true
PAN,ACP.GATUN.PROYECCION,"Proyección del lago Gatún; ausente al corte, no reconstruida",2025,null,pies,https://evtms-rpts.pancanal.com/eng/h2o/Gatun_Water_Level_Projection.csv,2026-10-07T04:55:24.793546Z,ACP: uso informativo; sin licencia abierta declarada,2025-11-04,acp,diaria,true
PAN,ACP.GATUN.PROYECCION,"Proyección del lago Gatún; ausente al corte, no reconstruida",2025,null,pies,https://evtms-rpts.pancanal.com/eng/h2o/Gatun_Water_Level_Projection.csv,2026-10-07T04:55:24.793546Z,ACP: uso informativo; sin licencia abierta declarada,2025-11-05,acp,diaria,true
PAN,ACP.GATUN.PROYECCION,"Proyección del lago Gatún; ausente al corte, no reconstruida",2025,null,pies,https://evtms-rpts.pancanal.com/eng/h2o/Gatun_Water_Level_Projection.csv,2026-10-07T04:55:24.793546Z,ACP: uso informativo; sin licencia abierta declarada,2025-11-06,acp,diaria,true
PAN,ACP.GATUN.PROYECCION,"Proyección del lago Gatún; ausente al corte, no reconstruida",2025,null,pies,https://evtms-rpts.pancanal.com/eng/h2o/Gatun_Water_Level_Projection.csv,2026-10-07T04:55:24.793546Z,ACP: uso informativo; sin licencia abierta declarada,2025-11-07,acp,diaria,true
PAN,ACP.GATUN.PROYECCION,"Proyección del lago Gatún; ausente al corte, no reconstruida",2025,null,pies,https://evtms-rpts.pancanal.com/eng/h2o/Gatun_Water_Level_Projection.csv,2026-10-07T04:55:24.793546Z,ACP: uso informativo; sin licencia abierta declarada,2025-11-08,acp,diaria,true
PAN,ACP.GATUN.PROYECCION,"Proyección del lago Gatún; ausente al corte, no reconstruida",2025,null,pies,https://evtms-rpts.pancanal.com/eng/h2o/Gatun_Water_Level_Projection.csv,2026-10-07T04:55:24.793546Z,ACP: uso informativo; sin licencia abierta declarada,2025-11-09,acp,diaria,true
PAN,ACP.GATUN.PROYECCION,"Proyección del lago Gatún; ausente al corte, no reconstruida",2025,null,pies,https://evtms-rpts.pancanal.com/eng/h2o/Gatun_Water_Level_Projection.csv,2026-10-07T04:55:24.793546Z,ACP: uso informativo; sin licencia abierta declarada,2025-11-10,acp,diaria,true
PAN,ACP.GATUN.PROYECCION,"Proyección del lago Gatún; ausente al corte, no reconstruida",2025,null,pies,https://evtms-rpts.pancanal.com/eng/h2o/Gatun_Water_Level_Projection.csv,2026-10-07T04:55:24.793546Z,ACP: uso informativo; sin licencia abierta declarada,2025-11-11,acp,diaria,true
PAN,ACP.GATUN.PROYECCION,"Proyección del lago Gatún; ausente al corte, no reconstruida",2025,null,pies,https://evtms-rpts.pancanal.com/eng/h2o/Gatun_Water_Level_Projection.csv,2026-10-07T04:55:24.793546Z,ACP: uso informativo; sin licencia abierta declarada,2025-11-12,acp,diaria,true
PAN,ACP.GATUN.PROYECCION,"Proyección del lago Gatún; ausente al corte, no reconstruida",2025,null,pies,https://evtms-rpts.pancanal.com/eng/h2o/Gatun_Water_Level_Projection.csv,2026-10-07T04:55:24.793546Z,ACP: uso informativo; sin licencia abierta declarada,2025-11-13,acp,diaria,true
PAN,ACP.GATUN.PROYECCION,"Proyección del lago Gatún; ausente al corte, no reconstruida",2025,null,pies,https://evtms-rpts.pancanal.com/eng/h2o/Gatun_Water_Level_Projection.csv,2026-10-07T04:55:24.793546Z,ACP: uso informativo; sin licencia abierta declarada,2025-11-14,acp,diaria,true
PAN,ACP.GATUN.PROYECCION,"Proyección del lago Gatún; ausente al corte, no reconstruida",2025,null,pies,https://evtms-rpts.pancanal.com/eng/h2o/Gatun_Water_Level_Projection.csv,2026-10-07T04:55:24.793546Z,ACP: uso informativo; sin licencia abierta declarada,2025-11-15,acp,diaria,true
PAN,ACP.GATUN.PROYECCION,"Proyección del lago Gatún; ausente al corte, no reconstruida",2025,null,pies,https://evtms-rpts.pancanal.com/eng/h2o/Gatun_Water_Level_Projection.csv,2026-10-07T04:55:24.793546Z,ACP: uso informativo; sin licencia abierta declarada,2025-11-16,acp,diaria,true
PAN,ACP.GATUN.PROYECCION,"Proyección del lago Gatún; ausente al corte, no reconstruida",2025,null,pies,https://evtms-rpts.pancanal.com/eng/h2o/Gatun_Water_Level_Projection.csv,2026-10-07T04:55:24.793546Z,ACP: uso informativo; sin licencia abierta declarada,2025-11-17,acp,diaria,true
PAN,ACP.GATUN.PROYECCION,"Proyección del lago Gatún; ausente al corte, no reconstruida",2025,null,pies,https://evtms-rpts.pancanal.com/eng/h2o/Gatun_Water_Level_Projection.csv,2026-10-07T04:55:24.793546Z,ACP: uso informativo; sin licencia abierta declarada,2025-11-18,acp,diaria,true
PAN,ACP.GATUN.PROYECCION,"Proyección del lago Gatún; ausente al corte, no reconstruida",2025,null,pies,https://evtms-rpts.pancanal.com/eng/h2o/Gatun_Water_Level_Projection.csv,2026-10-07T04:55:24.793546Z,ACP: uso informativo; sin licencia abierta declarada,2025-11-19,acp,diaria,true
PAN,ACP.GATUN.PROYECCION,"Proyección del lago Gatún; ausente al corte, no reconstruida",2025,null,pies,https://evtms-rpts.pancanal.com/eng/h2o/Gatun_Water_Level_Projection.csv,2026-10-07T04:55:24.793546Z,ACP: uso informativo; sin licencia abierta declarada,2025-11-20,acp,diaria,true
PAN,ACP.GATUN.PROYECCION,"Proyección del lago Gatún; ausente al corte, no reconstruida",2025,null,pies,https://evtms-rpts.pancanal.com/eng/h2o/Gatun_Water_Level_Projection.csv,2026-10-07T04:55:24.793546Z,ACP: uso informativo; sin licencia abierta declarada,2025-11-21,acp,diaria,true
PAN,ACP.GATUN.PROYECCION,"Proyección del lago Gatún; ausente al corte, no reconstruida",2025,null,pies,https://evtms-rpts.pancanal.com/eng/h2o/Gatun_Water_Level_Projection.csv,2026-10-07T04:55:24.793546Z,ACP: uso informativo; sin licencia abierta declarada,2025-11-22,acp,diaria,true
PAN,ACP.GATUN.PROYECCION,"Proyección del lago Gatún; ausente al corte, no reconstruida",2025,null,pies,https://evtms-rpts.pancanal.com/eng/h2o/Gatun_Water_Level_Projection.csv,2026-10-07T04:55:24.793546Z,ACP: uso informativo; sin licencia abierta declarada,2025-11-23,acp,diaria,true
PAN,ACP.GATUN.PROYECCION,"Proyección del lago Gatún; ausente al corte, no reconstruida",2025,null,pies,https://evtms-rpts.pancanal.com/eng/h2o/Gatun_Water_Level_Projection.csv,2026-10-07T04:55:24.793546Z,ACP: uso informativo; sin licencia abierta declarada,2025-11-24,acp,diaria,true
PAN,ACP.GATUN.PROYECCION,"Proyección del lago Gatún; ausente al corte, no reconstruida",2025,null,pies,https://evtms-rpts.pancanal.com/eng/h2o/Gatun_Water_Level_Projection.csv,2026-10-07T04:55:24.793546Z,ACP: uso informativo; sin licencia abierta declarada,2025-11-25,acp,diaria,true
PAN,ACP.GATUN.PROYECCION,"Proyección del lago Gatún; ausente al corte, no reconstruida",2025,null,pies,https://evtms-rpts.pancanal.com/eng/h2o/Gatun_Water_Level_Projection.csv,2026-10-07T04:55:24.793546Z,ACP: uso informativo; sin licencia abierta declarada,2025-11-26,acp,diaria,true
PAN,ACP.GATUN.PROYECCION,"Proyección del lago Gatún; ausente al corte, no reconstruida",2025,null,pies,https://evtms-rpts.pancanal.com/eng/h2o/Gatun_Water_Level_Projection.csv,2026-10-07T04:55:24.793546Z,ACP: uso informativo; sin licencia abierta declarada,2025-11-27,acp,diaria,true
PAN,ACP.GATUN.PROYECCION,"Proyección del lago Gatún; ausente al corte, no reconstruida",2025,null,pies,https://evtms-rpts.pancanal.com/eng/h2o/Gatun_Water_Level_Projection.csv,2026-10-07T04:55:24.793546Z,ACP: uso informativo; sin licencia abierta declarada,2025-11-28,acp,diaria,true
PAN,ACP.GATUN.PROYECCION,"Proyección del lago Gatún; ausente al corte, no reconstruida",2025,null,pies,https://evtms-rpts.pancanal.com/eng/h2o/Gatun_Water_Level_Projection.csv,2026-10-07T04:55:24.793546Z,ACP: uso informativo; sin licencia abierta declarada,2025-11-29,acp,diaria,true
PAN,ACP.GATUN.PROYECCION,"Proyección del lago Gatún; ausente al corte, no reconstruida",2025,null,pies,https://evtms-rpts.pancanal.com/eng/h2o/Gatun_Water_Level_Projection.csv,2026-10-07T04:55:24.793546Z,ACP: uso informativo; sin licencia abierta declarada,2025-11-30,acp,diaria,true
PAN,ACP.GATUN.PROYECCION,"Proyección del lago Gatún; ausente al corte, no reconstruida",2025,null,pies,https://evtms-rpts.pancanal.com/eng/h2o/Gatun_Water_Level_Projection.csv,2026-10-07T04:55:24.793546Z,ACP: uso informativo; sin licencia abierta declarada,2025-12-01,acp,diaria,true
PAN,ACP.GATUN.PROYECCION,"Proyección del lago Gatún; ausente al corte, no reconstruida",2025,null,pies,https://evtms-rpts.pancanal.com/eng/h2o/Gatun_Water_Level_Projection.csv,2026-10-07T04:55:24.793546Z,ACP: uso informativo; sin licencia abierta declarada,2025-12-02,acp,diaria,true
PAN,ACP.GATUN.PROYECCION,"Proyección del lago Gatún; ausente al corte, no reconstruida",2025,null,pies,https://evtms-rpts.pancanal.com/eng/h2o/Gatun_Water_Level_Projection.csv,2026-10-07T04:55:24.793546Z,ACP: uso informativo; sin licencia abierta declarada,2025-12-03,acp,diaria,true
PAN,ACP.GATUN.PROYECCION,"Proyección del lago Gatún; ausente al corte, no reconstruida",2025,null,pies,https://evtms-rpts.pancanal.com/eng/h2o/Gatun_Water_Level_Projection.csv,2026-10-07T04:55:24.793546Z,ACP: uso informativo; sin licencia abierta declarada,2025-12-04,acp,diaria,true
PAN,ACP.GATUN.PROYECCION,"Proyección del lago Gatún; ausente al corte, no reconstruida",2025,null,pies,https://evtms-rpts.pancanal.com/eng/h2o/Gatun_Water_Level_Projection.csv,2026-10-07T04:55:24.793546Z,ACP: uso informativo; sin licencia abierta declarada,2025-12-05,acp,diaria,true
PAN,ACP.GATUN.PROYECCION,"Proyección del lago Gatún; ausente al corte, no reconstruida",2025,null,pies,https://evtms-rpts.pancanal.com/eng/h2o/Gatun_Water_Level_Projection.csv,2026-10-07T04:55:24.793546Z,ACP: uso informativo; sin licencia abierta declarada,2025-12-06,acp,diaria,true
PAN,ACP.GATUN.PROYECCION,"Proyección del lago Gatún; ausente al corte, no reconstruida",2025,null,pies,https://evtms-rpts.pancanal.com/eng/h2o/Gatun_Water_Level_Projection.csv,2026-10-07T04:55:24.793546Z,ACP: uso informativo; sin licencia abierta declarada,2025-12-07,acp,diaria,true
PAN,ACP.GATUN.PROYECCION,"Proyección del lago Gatún; ausente al corte, no reconstruida",2025,null,pies,https://evtms-rpts.pancanal.com/eng/h2o/Gatun_Water_Level_Projection.csv,2026-10-07T04:55:24.793546Z,ACP: uso informativo; sin licencia abierta declarada,2025-12-08,acp,diaria,true
PAN,ACP.GATUN.PROYECCION,"Proyección del lago Gatún; ausente al corte, no reconstruida",2025,null,pies,https://evtms-rpts.pancanal.com/eng/h2o/Gatun_Water_Level_Projection.csv,2026-10-07T04:55:24.793546Z,ACP: uso informativo; sin licencia abierta declarada,2025-12-09,acp,diaria,true
PAN,ACP.GATUN.PROYECCION,"Proyección del lago Gatún; ausente al corte, no reconstruida",2025,null,pies,https://evtms-rpts.pancanal.com/eng/h2o/Gatun_Water_Level_Projection.csv,2026-10-07T04:55:24.793546Z,ACP: uso informativo; sin licencia abierta declarada,2025-12-10,acp,diaria,true
PAN,ACP.GATUN.PROYECCION,"Proyección del lago Gatún; ausente al corte, no reconstruida",2025,null,pies,https://evtms-rpts.pancanal.com/eng/h2o/Gatun_Water_Level_Projection.csv,2026-10-07T04:55:24.793546Z,ACP: uso informativo; sin licencia abierta declarada,2025-12-11,acp,diaria,true
PAN,ACP.GATUN.PROYECCION,"Proyección del lago Gatún; ausente al corte, no reconstruida",2025,null,pies,https://evtms-rpts.pancanal.com/eng/h2o/Gatun_Water_Level_Projection.csv,2026-10-07T04:55:24.793546Z,ACP: uso informativo; sin licencia abierta declarada,2025-12-12,acp,diaria,true
PAN,ACP.GATUN.PROYECCION,"Proyección del lago Gatún; ausente al corte, no reconstruida",2025,null,pies,https://evtms-rpts.pancanal.com/eng/h2o/Gatun_Water_Level_Projection.csv,2026-10-07T04:55:24.793546Z,ACP: uso informativo; sin licencia abierta declarada,2025-12-13,acp,diaria,true
PAN,ACP.GATUN.PROYECCION,"Proyección del lago Gatún; ausente al corte, no reconstruida",2025,null,pies,https://evtms-rpts.pancanal.com/eng/h2o/Gatun_Water_Level_Projection.csv,2026-10-07T04:55:24.793546Z,ACP: uso informativo; sin licencia abierta declarada,2025-12-14,acp,diaria,true
PAN,ACP.GATUN.PROYECCION,"Proyección del lago Gatún; ausente al corte, no reconstruida",2025,null,pies,https://evtms-rpts.pancanal.com/eng/h2o/Gatun_Water_Level_Projection.csv,2026-10-07T04:55:24.793546Z,ACP: uso informativo; sin licencia abierta declarada,2025-12-15,acp,diaria,true
PAN,ACP.GATUN.PROYECCION,"Proyección del lago Gatún; ausente al corte, no reconstruida",2025,null,pies,https://evtms-rpts.pancanal.com/eng/h2o/Gatun_Water_Level_Projection.csv,2026-10-07T04:55:24.793546Z,ACP: uso informativo; sin licencia abierta declarada,2025-12-16,acp,diaria,true
PAN,ACP.GATUN.PROYECCION,"Proyección del lago Gatún; ausente al corte, no reconstruida",2025,null,pies,https://evtms-rpts.pancanal.com/eng/h2o/Gatun_Water_Level_Projection.csv,2026-10-07T04:55:24.793546Z,ACP: uso informativo; sin licencia abierta declarada,2025-12-17,acp,diaria,true
PAN,ACP.GATUN.PROYECCION,"Proyección del lago Gatún; ausente al corte, no reconstruida",2025,null,pies,https://evtms-rpts.pancanal.com/eng/h2o/Gatun_Water_Level_Projection.csv,2026-10-07T04:55:24.793546Z,ACP: uso informativo; sin licencia abierta declarada,2025-12-18,acp,diaria,true
PAN,ACP.GATUN.PROYECCION,"Proyección del lago Gatún; ausente al corte, no reconstruida",2025,null,pies,https://evtms-rpts.pancanal.com/eng/h2o/Gatun_Water_Level_Projection.csv,2026-10-07T04:55:24.793546Z,ACP: uso informativo; sin licencia abierta declarada,2025-12-19,acp,diaria,true
PAN,ACP.GATUN.PROYECCION,"Proyección del lago Gatún; ausente al corte, no reconstruida",2025,null,pies,https://evtms-rpts.pancanal.com/eng/h2o/Gatun_Water_Level_Projection.csv,2026-10-07T04:55:24.793546Z,ACP: uso informativo; sin licencia abierta declarada,2025-12-20,acp,diaria,true
PAN,ACP.GATUN.PROYECCION,"Proyección del lago Gatún; ausente al corte, no reconstruida",2025,null,pies,https://evtms-rpts.pancanal.com/eng/h2o/Gatun_Water_Level_Projection.csv,2026-10-07T04:55:24.793546Z,ACP: uso informativo; sin licencia abierta declarada,2025-12-21,acp,diaria,true
PAN,ACP.GATUN.PROYECCION,"Proyección del lago Gatún; ausente al corte, no reconstruida",2025,null,pies,https://evtms-rpts.pancanal.com/eng/h2o/Gatun_Water_Level_Projection.csv,2026-10-07T04:55:24.793546Z,ACP: uso informativo; sin licencia abierta declarada,2025-12-22,acp,diaria,true
PAN,ACP.GATUN.PROYECCION,"Proyección del lago Gatún; ausente al corte, no reconstruida",2025,null,pies,https://evtms-rpts.pancanal.com/eng/h2o/Gatun_Water_Level_Projection.csv,2026-10-07T04:55:24.793546Z,ACP: uso informativo; sin licencia abierta declarada,2025-12-23,acp,diaria,true
PAN,ACP.GATUN.PROYECCION,"Proyección del lago Gatún; ausente al corte, no reconstruida",2025,null,pies,https://evtms-rpts.pancanal.com/eng/h2o/Gatun_Water_Level_Projection.csv,2026-10-07T04:55:24.793546Z,ACP: uso informativo; sin licencia abierta declarada,2025-12-24,acp,diaria,true
PAN,ACP.GATUN.PROYECCION,"Proyección del lago Gatún; ausente al corte, no reconstruida",2025,null,pies,https://evtms-rpts.pancanal.com/eng/h2o/Gatun_Water_Level_Projection.csv,2026-10-07T04:55:24.793546Z,ACP: uso informativo; sin licencia abierta declarada,2025-12-25,acp,diaria,true
PAN,ACP.GATUN.PROYECCION,"Proyección del lago Gatún; ausente al corte, no reconstruida",2025,null,pies,https://evtms-rpts.pancanal.com/eng/h2o/Gatun_Water_Level_Projection.csv,2026-10-07T04:55:24.793546Z,ACP: uso informativo; sin licencia abierta declarada,2025-12-26,acp,diaria,true
PAN,ACP.GATUN.PROYECCION,"Proyección del lago Gatún; ausente al corte, no reconstruida",2025,null,pies,https://evtms-rpts.pancanal.com/eng/h2o/Gatun_Water_Level_Projection.csv,2026-10-07T04:55:24.793546Z,ACP: uso informativo; sin licencia abierta declarada,2025-12-27,acp,diaria,true
PAN,ACP.GATUN.PROYECCION,"Proyección del lago Gatún; ausente al corte, no reconstruida",2025,null,pies,https://evtms-rpts.pancanal.com/eng/h2o/Gatun_Water_Level_Projection.csv,2026-10-07T04:55:24.793546Z,ACP: uso informativo; sin licencia abierta declarada,2025-12-28,acp,diaria,true
PAN,ACP.GATUN.PROYECCION,"Proyección del lago Gatún; ausente al corte, no reconstruida",2025,null,pies,https://evtms-rpts.pancanal.com/eng/h2o/Gatun_Water_Level_Projection.csv,2026-10-07T04:55:24.793546Z,ACP: uso informativo; sin licencia abierta declarada,2025-12-29,acp,diaria,true
PAN,ACP.GATUN.PROYECCION,"Proyección del lago Gatún; ausente al corte, no reconstruida",2025,null,pies,https://evtms-rpts.pancanal.com/eng/h2o/Gatun_Water_Level_Projection.csv,2026-10-07T04:55:24.793546Z,ACP: uso informativo; sin licencia abierta declarada,2025-12-30,acp,diaria,true
PAN,ACP.GATUN.PROYECCION,"Proyección del lago Gatún; ausente al corte, no reconstruida",2025,null,pies,https://evtms-rpts.pancanal.com/eng/h2o/Gatun_Water_Level_Projection.csv,2026-10-07T04:55:24.793546Z,ACP: uso informativo; sin licencia abierta declarada,2025-12-31,acp,diaria,true
PAN,ACP.GATUN.PROYECCION,"Proyección del lago Gatún; ausente al corte, no reconstruida",2026,null,pies,https://evtms-rpts.pancanal.com/eng/h2o/Gatun_Water_Level_Projection.csv,2026-10-07T04:55:24.793546Z,ACP: uso informativo; sin licencia abierta declarada,2026-01-01,acp,diaria,true
PAN,ACP.GATUN.PROYECCION,"Proyección del lago Gatún; ausente al corte, no reconstruida",2026,null,pies,https://evtms-rpts.pancanal.com/eng/h2o/Gatun_Water_Level_Projection.csv,2026-10-07T04:55:24.793546Z,ACP: uso informativo; sin licencia abierta declarada,2026-01-02,acp,diaria,true
PAN,ACP.GATUN.PROYECCION,"Proyección del lago Gatún; ausente al corte, no reconstruida",2026,null,pies,https://evtms-rpts.pancanal.com/eng/h2o/Gatun_Water_Level_Projection.csv,2026-10-07T04:55:24.793546Z,ACP: uso informativo; sin licencia abierta declarada,2026-01-03,acp,diaria,true
PAN,ACP.GATUN.PROYECCION,"Proyección del lago Gatún; ausente al corte, no reconstruida",2026,null,pies,https://evtms-rpts.pancanal.com/eng/h2o/Gatun_Water_Level_Projection.csv,2026-10-07T04:55:24.793546Z,ACP: uso informativo; sin licencia abierta declarada,2026-01-04,acp,diaria,true
PAN,ACP.GATUN.PROYECCION,"Proyección del lago Gatún; ausente al corte, no reconstruida",2026,null,pies,https://evtms-rpts.pancanal.com/eng/h2o/Gatun_Water_Level_Projection.csv,2026-10-07T04:55:24.793546Z,ACP: uso informativo; sin licencia abierta declarada,2026-01-05,acp,diaria,true
PAN,ACP.GATUN.PROYECCION,"Proyección del lago Gatún; ausente al corte, no reconstruida",2026,null,pies,https://evtms-rpts.pancanal.com/eng/h2o/Gatun_Water_Level_Projection.csv,2026-10-07T04:55:24.793546Z,ACP: uso informativo; sin licencia abierta declarada,2026-01-06,acp,diaria,true
PAN,ACP.GATUN.PROYECCION,"Proyección del lago Gatún; ausente al corte, no reconstruida",2026,null,pies,https://evtms-rpts.pancanal.com/eng/h2o/Gatun_Water_Level_Projection.csv,2026-10-07T04:55:24.793546Z,ACP: uso informativo; sin licencia abierta declarada,2026-01-07,acp,diaria,true
PAN,ACP.GATUN.PROYECCION,"Proyección del lago Gatún; ausente al corte, no reconstruida",2026,null,pies,https://evtms-rpts.pancanal.com/eng/h2o/Gatun_Water_Level_Projection.csv,2026-10-07T04:55:24.793546Z,ACP: uso informativo; sin licencia abierta declarada,2026-01-08,acp,diaria,true
PAN,ACP.GATUN.PROYECCION,"Proyección del lago Gatún; ausente al corte, no reconstruida",2026,null,pies,https://evtms-rpts.pancanal.com/eng/h2o/Gatun_Water_Level_Projection.csv,2026-10-07T04:55:24.793546Z,ACP: uso informativo; sin licencia abierta declarada,2026-01-09,acp,diaria,true
PAN,ACP.GATUN.PROYECCION,"Proyección del lago Gatún; ausente al corte, no reconstruida",2026,null,pies,https://evtms-rpts.pancanal.com/eng/h2o/Gatun_Water_Level_Projection.csv,2026-10-07T04:55:24.793546Z,ACP: uso informativo; sin licencia abierta declarada,2026-01-10,acp,diaria,true
PAN,ACP.GATUN.PROYECCION,"Proyección del lago Gatún; ausente al corte, no reconstruida",2026,null,pies,https://evtms-rpts.pancanal.com/eng/h2o/Gatun_Water_Level_Projection.csv,2026-10-07T04:55:24.793546Z,ACP: uso informativo; sin licencia abierta declarada,2026-01-11,acp,diaria,true
PAN,ACP.GATUN.PROYECCION,"Proyección del lago Gatún; ausente al corte, no reconstruida",2026,null,pies,https://evtms-rpts.pancanal.com/eng/h2o/Gatun_Water_Level_Projection.csv,2026-10-07T04:55:24.793546Z,ACP: uso informativo; sin licencia abierta declarada,2026-01-12,acp,diaria,true
PAN,ACP.GATUN.PROYECCION,"Proyección del lago Gatún; ausente al corte, no reconstruida",2026,null,pies,https://evtms-rpts.pancanal.com/eng/h2o/Gatun_Water_Level_Projection.csv,2026-10-07T04:55:24.793546Z,ACP: uso informativo; sin licencia abierta declarada,2026-01-13,acp,diaria,true
PAN,ACP.GATUN.PROYECCION,"Proyección del lago Gatún; ausente al corte, no reconstruida",2026,null,pies,https://evtms-rpts.pancanal.com/eng/h2o/Gatun_Water_Level_Projection.csv,2026-10-07T04:55:24.793546Z,ACP: uso informativo; sin licencia abierta declarada,2026-01-14,acp,diaria,true
PAN,ACP.GATUN.PROYECCION,"Proyección del lago Gatún; ausente al corte, no reconstruida",2026,null,pies,https://evtms-rpts.pancanal.com/eng/h2o/Gatun_Water_Level_Projection.csv,2026-10-07T04:55:24.793546Z,ACP: uso informativo; sin licencia abierta declarada,2026-01-15,acp,diaria,true
PAN,ACP.GATUN.PROYECCION,"Proyección del lago Gatún; ausente al corte, no reconstruida",2026,null,pies,https://evtms-rpts.pancanal.com/eng/h2o/Gatun_Water_Level_Projection.csv,2026-10-07T04:55:24.793546Z,ACP: uso informativo; sin licencia abierta declarada,2026-01-16,acp,diaria,true
PAN,ACP.GATUN.PROYECCION,"Proyección del lago Gatún; ausente al corte, no reconstruida",2026,null,pies,https://evtms-rpts.pancanal.com/eng/h2o/Gatun_Water_Level_Projection.csv,2026-10-07T04:55:24.793546Z,ACP: uso informativo; sin licencia abierta declarada,2026-01-17,acp,diaria,true
PAN,ACP.GATUN.PROYECCION,"Proyección del lago Gatún; ausente al corte, no reconstruida",2026,null,pies,https://evtms-rpts.pancanal.com/eng/h2o/Gatun_Water_Level_Projection.csv,2026-10-07T04:55:24.793546Z,ACP: uso informativo; sin licencia abierta declarada,2026-01-18,acp,diaria,true
PAN,ACP.GATUN.PROYECCION,"Proyección del lago Gatún; ausente al corte, no reconstruida",2026,null,pies,https://evtms-rpts.pancanal.com/eng/h2o/Gatun_Water_Level_Projection.csv,2026-10-07T04:55:24.793546Z,ACP: uso informativo; sin licencia abierta declarada,2026-01-19,acp,diaria,true
PAN,ACP.GATUN.PROYECCION,"Proyección del lago Gatún; ausente al corte, no reconstruida",2026,null,pies,https://evtms-rpts.pancanal.com/eng/h2o/Gatun_Water_Level_Projection.csv,2026-10-07T04:55:24.793546Z,ACP: uso informativo; sin licencia abierta declarada,2026-01-20,acp,diaria,true
PAN,ACP.GATUN.PROYECCION,"Proyección del lago Gatún; ausente al corte, no reconstruida",2026,null,pies,https://evtms-rpts.pancanal.com/eng/h2o/Gatun_Water_Level_Projection.csv,2026-10-07T04:55:24.793546Z,ACP: uso informativo; sin licencia abierta declarada,2026-01-21,acp,diaria,true
PAN,ACP.GATUN.PROYECCION,"Proyección del lago Gatún; ausente al corte, no reconstruida",2026,null,pies,https://evtms-rpts.pancanal.com/eng/h2o/Gatun_Water_Level_Projection.csv,2026-10-07T04:55:24.793546Z,ACP: uso informativo; sin licencia abierta declarada,2026-01-22,acp,diaria,true
PAN,ACP.GATUN.PROYECCION,"Proyección del lago Gatún; ausente al corte, no reconstruida",2026,null,pies,https://evtms-rpts.pancanal.com/eng/h2o/Gatun_Water_Level_Projection.csv,2026-10-07T04:55:24.793546Z,ACP: uso informativo; sin licencia abierta declarada,2026-01-23,acp,diaria,true
PAN,ACP.GATUN.PROYECCION,"Proyección del lago Gatún; ausente al corte, no reconstruida",2026,null,pies,https://evtms-rpts.pancanal.com/eng/h2o/Gatun_Water_Level_Projection.csv,2026-10-07T04:55:24.793546Z,ACP: uso informativo; sin licencia abierta declarada,2026-01-24,acp,diaria,true
PAN,ACP.GATUN.PROYECCION,"Proyección del lago Gatún; ausente al corte, no reconstruida",2026,null,pies,https://evtms-rpts.pancanal.com/eng/h2o/Gatun_Water_Level_Projection.csv,2026-10-07T04:55:24.793546Z,ACP: uso informativo; sin licencia abierta declarada,2026-01-25,acp,diaria,true
PAN,ACP.GATUN.PROYECCION,"Proyección del lago Gatún; ausente al corte, no reconstruida",2026,null,pies,https://evtms-rpts.pancanal.com/eng/h2o/Gatun_Water_Level_Projection.csv,2026-10-07T04:55:24.793546Z,ACP: uso informativo; sin licencia abierta declarada,2026-01-26,acp,diaria,true
PAN,ACP.GATUN.PROYECCION,"Proyección del lago Gatún; ausente al corte, no reconstruida",2026,null,pies,https://evtms-rpts.pancanal.com/eng/h2o/Gatun_Water_Level_Projection.csv,2026-10-07T04:55:24.793546Z,ACP: uso informativo; sin licencia abierta declarada,2026-01-27,acp,diaria,true
PAN,ACP.GATUN.PROYECCION,"Proyección del lago Gatún; ausente al corte, no reconstruida",2026,null,pies,https://evtms-rpts.pancanal.com/eng/h2o/Gatun_Water_Level_Projection.csv,2026-10-07T04:55:24.793546Z,ACP: uso informativo; sin licencia abierta declarada,2026-01-28,acp,diaria,true
PAN,ACP.GATUN.PROYECCION,"Proyección del lago Gatún; ausente al corte, no reconstruida",2026,null,pies,https://evtms-rpts.pancanal.com/eng/h2o/Gatun_Water_Level_Projection.csv,2026-10-07T04:55:24.793546Z,ACP: uso informativo; sin licencia abierta declarada,2026-01-29,acp,diaria,true
PAN,ACP.GATUN.PROYECCION,"Proyección del lago Gatún; ausente al corte, no reconstruida",2026,null,pies,https://evtms-rpts.pancanal.com/eng/h2o/Gatun_Water_Level_Projection.csv,2026-10-07T04:55:24.793546Z,ACP: uso informativo; sin licencia abierta declarada,2026-01-30,acp,diaria,true
PAN,ACP.GATUN.PROYECCION,"Proyección del lago Gatún; ausente al corte, no reconstruida",2026,null,pies,https://evtms-rpts.pancanal.com/eng/h2o/Gatun_Water_Level_Projection.csv,2026-10-07T04:55:24.793546Z,ACP: uso informativo; sin licencia abierta declarada,2026-01-31,acp,diaria,true
PAN,ACP.GATUN.PROYECCION,"Proyección del lago Gatún; ausente al corte, no reconstruida",2026,null,pies,https://evtms-rpts.pancanal.com/eng/h2o/Gatun_Water_Level_Projection.csv,2026-10-07T04:55:24.793546Z,ACP: uso informativo; sin licencia abierta declarada,2026-02-01,acp,diaria,true
PAN,ACP.GATUN.PROYECCION,"Proyección del lago Gatún; ausente al corte, no reconstruida",2026,null,pies,https://evtms-rpts.pancanal.com/eng/h2o/Gatun_Water_Level_Projection.csv,2026-10-07T04:55:24.793546Z,ACP: uso informativo; sin licencia abierta declarada,2026-02-02,acp,diaria,true
PAN,ACP.GATUN.PROYECCION,"Proyección del lago Gatún; ausente al corte, no reconstruida",2026,null,pies,https://evtms-rpts.pancanal.com/eng/h2o/Gatun_Water_Level_Projection.csv,2026-10-07T04:55:24.793546Z,ACP: uso informativo; sin licencia abierta declarada,2026-02-03,acp,diaria,true
PAN,ACP.GATUN.PROYECCION,"Proyección del lago Gatún; ausente al corte, no reconstruida",2026,null,pies,https://evtms-rpts.pancanal.com/eng/h2o/Gatun_Water_Level_Projection.csv,2026-10-07T04:55:24.793546Z,ACP: uso informativo; sin licencia abierta declarada,2026-02-04,acp,diaria,true
PAN,ACP.GATUN.PROYECCION,"Proyección del lago Gatún; ausente al corte, no reconstruida",2026,null,pies,https://evtms-rpts.pancanal.com/eng/h2o/Gatun_Water_Level_Projection.csv,2026-10-07T04:55:24.793546Z,ACP: uso informativo; sin licencia abierta declarada,2026-02-05,acp,diaria,true
PAN,ACP.GATUN.PROYECCION,"Proyección del lago Gatún; ausente al corte, no reconstruida",2026,null,pies,https://evtms-rpts.pancanal.com/eng/h2o/Gatun_Water_Level_Projection.csv,2026-10-07T04:55:24.793546Z,ACP: uso informativo; sin licencia abierta declarada,2026-02-06,acp,diaria,true
PAN,ACP.GATUN.PROYECCION,"Proyección del lago Gatún; ausente al corte, no reconstruida",2026,null,pies,https://evtms-rpts.pancanal.com/eng/h2o/Gatun_Water_Level_Projection.csv,2026-10-07T04:55:24.793546Z,ACP: uso informativo; sin licencia abierta declarada,2026-02-07,acp,diaria,true
PAN,ACP.GATUN.PROYECCION,"Proyección del lago Gatún; ausente al corte, no reconstruida",2026,null,pies,https://evtms-rpts.pancanal.com/eng/h2o/Gatun_Water_Level_Projection.csv,2026-10-07T04:55:24.793546Z,ACP: uso informativo; sin licencia abierta declarada,2026-02-08,acp,diaria,true
PAN,ACP.GATUN.PROYECCION,"Proyección del lago Gatún; ausente al corte, no reconstruida",2026,null,pies,https://evtms-rpts.pancanal.com/eng/h2o/Gatun_Water_Level_Projection.csv,2026-10-07T04:55:24.793546Z,ACP: uso informativo; sin licencia abierta declarada,2026-02-09,acp,diaria,true
PAN,ACP.GATUN.PROYECCION,"Proyección del lago Gatún; ausente al corte, no reconstruida",2026,null,pies,https://evtms-rpts.pancanal.com/eng/h2o/Gatun_Water_Level_Projection.csv,2026-10-07T04:55:24.793546Z,ACP: uso informativo; sin licencia abierta declarada,2026-02-10,acp,diaria,true
PAN,ACP.GATUN.PROYECCION,"Proyección del lago Gatún; ausente al corte, no reconstruida",2026,null,pies,https://evtms-rpts.pancanal.com/eng/h2o/Gatun_Water_Level_Projection.csv,2026-10-07T04:55:24.793546Z,ACP: uso informativo; sin licencia abierta declarada,2026-02-11,acp,diaria,true
PAN,ACP.GATUN.PROYECCION,"Proyección del lago Gatún; ausente al corte, no reconstruida",2026,null,pies,https://evtms-rpts.pancanal.com/eng/h2o/Gatun_Water_Level_Projection.csv,2026-10-07T04:55:24.793546Z,ACP: uso informativo; sin licencia abierta declarada,2026-02-12,acp,diaria,true
PAN,ACP.GATUN.PROYECCION,"Proyección del lago Gatún; ausente al corte, no reconstruida",2026,null,pies,https://evtms-rpts.pancanal.com/eng/h2o/Gatun_Water_Level_Projection.csv,2026-10-07T04:55:24.793546Z,ACP: uso informativo; sin licencia abierta declarada,2026-02-13,acp,diaria,true
PAN,ACP.GATUN.PROYECCION,"Proyección del lago Gatún; ausente al corte, no reconstruida",2026,null,pies,https://evtms-rpts.pancanal.com/eng/h2o/Gatun_Water_Level_Projection.csv,2026-10-07T04:55:24.793546Z,ACP: uso informativo; sin licencia abierta declarada,2026-02-14,acp,diaria,true
PAN,ACP.GATUN.PROYECCION,"Proyección del lago Gatún; ausente al corte, no reconstruida",2026,null,pies,https://evtms-rpts.pancanal.com/eng/h2o/Gatun_Water_Level_Projection.csv,2026-10-07T04:55:24.793546Z,ACP: uso informativo; sin licencia abierta declarada,2026-02-15,acp,diaria,true
PAN,ACP.GATUN.PROYECCION,"Proyección del lago Gatún; ausente al corte, no reconstruida",2026,null,pies,https://evtms-rpts.pancanal.com/eng/h2o/Gatun_Water_Level_Projection.csv,2026-10-07T04:55:24.793546Z,ACP: uso informativo; sin licencia abierta declarada,2026-02-16,acp,diaria,true
PAN,ACP.GATUN.PROYECCION,"Proyección del lago Gatún; ausente al corte, no reconstruida",2026,null,pies,https://evtms-rpts.pancanal.com/eng/h2o/Gatun_Water_Level_Projection.csv,2026-10-07T04:55:24.793546Z,ACP: uso informativo; sin licencia abierta declarada,2026-02-17,acp,diaria,true
PAN,ACP.GATUN.PROYECCION,"Proyección del lago Gatún; ausente al corte, no reconstruida",2026,null,pies,https://evtms-rpts.pancanal.com/eng/h2o/Gatun_Water_Level_Projection.csv,2026-10-07T04:55:24.793546Z,ACP: uso informativo; sin licencia abierta declarada,2026-02-18,acp,diaria,true
PAN,ACP.GATUN.PROYECCION,"Proyección del lago Gatún; ausente al corte, no reconstruida",2026,null,pies,https://evtms-rpts.pancanal.com/eng/h2o/Gatun_Water_Level_Projection.csv,2026-10-07T04:55:24.793546Z,ACP: uso informativo; sin licencia abierta declarada,2026-02-19,acp,diaria,true
PAN,ACP.GATUN.PROYECCION,"Proyección del lago Gatún; ausente al corte, no reconstruida",2026,null,pies,https://evtms-rpts.pancanal.com/eng/h2o/Gatun_Water_Level_Projection.csv,2026-10-07T04:55:24.793546Z,ACP: uso informativo; sin licencia abierta declarada,2026-02-20,acp,diaria,true
PAN,ACP.GATUN.PROYECCION,"Proyección del lago Gatún; ausente al corte, no reconstruida",2026,null,pies,https://evtms-rpts.pancanal.com/eng/h2o/Gatun_Water_Level_Projection.csv,2026-10-07T04:55:24.793546Z,ACP: uso informativo; sin licencia abierta declarada,2026-02-21,acp,diaria,true
PAN,ACP.GATUN.PROYECCION,"Proyección del lago Gatún; ausente al corte, no reconstruida",2026,null,pies,https://evtms-rpts.pancanal.com/eng/h2o/Gatun_Water_Level_Projection.csv,2026-10-07T04:55:24.793546Z,ACP: uso informativo; sin licencia abierta declarada,2026-02-22,acp,diaria,true
PAN,ACP.GATUN.PROYECCION,"Proyección del lago Gatún; ausente al corte, no reconstruida",2026,null,pies,https://evtms-rpts.pancanal.com/eng/h2o/Gatun_Water_Level_Projection.csv,2026-10-07T04:55:24.793546Z,ACP: uso informativo; sin licencia abierta declarada,2026-02-23,acp,diaria,true
PAN,ACP.GATUN.PROYECCION,"Proyección del lago Gatún; ausente al corte, no reconstruida",2026,null,pies,https://evtms-rpts.pancanal.com/eng/h2o/Gatun_Water_Level_Projection.csv,2026-10-07T04:55:24.793546Z,ACP: uso informativo; sin licencia abierta declarada,2026-02-24,acp,diaria,true
PAN,ACP.GATUN.PROYECCION,"Proyección del lago Gatún; ausente al corte, no reconstruida",2026,null,pies,https://evtms-rpts.pancanal.com/eng/h2o/Gatun_Water_Level_Projection.csv,2026-10-07T04:55:24.793546Z,ACP: uso informativo; sin licencia abierta declarada,2026-02-25,acp,diaria,true
PAN,ACP.GATUN.PROYECCION,"Proyección del lago Gatún; ausente al corte, no reconstruida",2026,null,pies,https://evtms-rpts.pancanal.com/eng/h2o/Gatun_Water_Level_Projection.csv,2026-10-07T04:55:24.793546Z,ACP: uso informativo; sin licencia abierta declarada,2026-02-26,acp,diaria,true
PAN,ACP.GATUN.PROYECCION,"Proyección del lago Gatún; ausente al corte, no reconstruida",2026,null,pies,https://evtms-rpts.pancanal.com/eng/h2o/Gatun_Water_Level_Projection.csv,2026-10-07T04:55:24.793546Z,ACP: uso informativo; sin licencia abierta declarada,2026-02-27,acp,diaria,true
PAN,ACP.GATUN.PROYECCION,"Proyección del lago Gatún; ausente al corte, no reconstruida",2026,null,pies,https://evtms-rpts.pancanal.com/eng/h2o/Gatun_Water_Level_Projection.csv,2026-10-07T04:55:24.793546Z,ACP: uso informativo; sin licencia abierta declarada,2026-02-28,acp,diaria,true
PAN,ACP.GATUN.PROYECCION,"Proyección del lago Gatún; ausente al corte, no reconstruida",2026,null,pies,https://evtms-rpts.pancanal.com/eng/h2o/Gatun_Water_Level_Projection.csv,2026-10-07T04:55:24.793546Z,ACP: uso informativo; sin licencia abierta declarada,2026-03-01,acp,diaria,true
PAN,ACP.GATUN.PROYECCION,"Proyección del lago Gatún; ausente al corte, no reconstruida",2026,null,pies,https://evtms-rpts.pancanal.com/eng/h2o/Gatun_Water_Level_Projection.csv,2026-10-07T04:55:24.793546Z,ACP: uso informativo; sin licencia abierta declarada,2026-03-02,acp,diaria,true
PAN,ACP.GATUN.PROYECCION,"Proyección del lago Gatún; ausente al corte, no reconstruida",2026,null,pies,https://evtms-rpts.pancanal.com/eng/h2o/Gatun_Water_Level_Projection.csv,2026-10-07T04:55:24.793546Z,ACP: uso informativo; sin licencia abierta declarada,2026-03-03,acp,diaria,true
PAN,ACP.GATUN.PROYECCION,"Proyección del lago Gatún; ausente al corte, no reconstruida",2026,null,pies,https://evtms-rpts.pancanal.com/eng/h2o/Gatun_Water_Level_Projection.csv,2026-10-07T04:55:24.793546Z,ACP: uso informativo; sin licencia abierta declarada,2026-03-04,acp,diaria,true
PAN,ACP.GATUN.PROYECCION,"Proyección del lago Gatún; ausente al corte, no reconstruida",2026,null,pies,https://evtms-rpts.pancanal.com/eng/h2o/Gatun_Water_Level_Projection.csv,2026-10-07T04:55:24.793546Z,ACP: uso informativo; sin licencia abierta declarada,2026-03-05,acp,diaria,true
PAN,ACP.GATUN.PROYECCION,"Proyección del lago Gatún; ausente al corte, no reconstruida",2026,null,pies,https://evtms-rpts.pancanal.com/eng/h2o/Gatun_Water_Level_Projection.csv,2026-10-07T04:55:24.793546Z,ACP: uso informativo; sin licencia abierta declarada,2026-03-06,acp,diaria,true
PAN,ACP.GATUN.PROYECCION,"Proyección del lago Gatún; ausente al corte, no reconstruida",2026,null,pies,https://evtms-rpts.pancanal.com/eng/h2o/Gatun_Water_Level_Projection.csv,2026-10-07T04:55:24.793546Z,ACP: uso informativo; sin licencia abierta declarada,2026-03-07,acp,diaria,true
PAN,ACP.GATUN.PROYECCION,"Proyección del lago Gatún; ausente al corte, no reconstruida",2026,null,pies,https://evtms-rpts.pancanal.com/eng/h2o/Gatun_Water_Level_Projection.csv,2026-10-07T04:55:24.793546Z,ACP: uso informativo; sin licencia abierta declarada,2026-03-08,acp,diaria,true
PAN,ACP.GATUN.PROYECCION,"Proyección del lago Gatún; ausente al corte, no reconstruida",2026,null,pies,https://evtms-rpts.pancanal.com/eng/h2o/Gatun_Water_Level_Projection.csv,2026-10-07T04:55:24.793546Z,ACP: uso informativo; sin licencia abierta declarada,2026-03-09,acp,diaria,true
PAN,ACP.GATUN.PROYECCION,"Proyección del lago Gatún; ausente al corte, no reconstruida",2026,null,pies,https://evtms-rpts.pancanal.com/eng/h2o/Gatun_Water_Level_Projection.csv,2026-10-07T04:55:24.793546Z,ACP: uso informativo; sin licencia abierta declarada,2026-03-10,acp,diaria,true
PAN,ACP.GATUN.PROYECCION,"Proyección del lago Gatún; ausente al corte, no reconstruida",2026,null,pies,https://evtms-rpts.pancanal.com/eng/h2o/Gatun_Water_Level_Projection.csv,2026-10-07T04:55:24.793546Z,ACP: uso informativo; sin licencia abierta declarada,2026-03-11,acp,diaria,true
PAN,ACP.GATUN.PROYECCION,"Proyección del lago Gatún; ausente al corte, no reconstruida",2026,null,pies,https://evtms-rpts.pancanal.com/eng/h2o/Gatun_Water_Level_Projection.csv,2026-10-07T04:55:24.793546Z,ACP: uso informativo; sin licencia abierta declarada,2026-03-12,acp,diaria,true
PAN,ACP.GATUN.PROYECCION,"Proyección del lago Gatún; ausente al corte, no reconstruida",2026,null,pies,https://evtms-rpts.pancanal.com/eng/h2o/Gatun_Water_Level_Projection.csv,2026-10-07T04:55:24.793546Z,ACP: uso informativo; sin licencia abierta declarada,2026-03-13,acp,diaria,true
PAN,ACP.GATUN.PROYECCION,"Proyección del lago Gatún; ausente al corte, no reconstruida",2026,null,pies,https://evtms-rpts.pancanal.com/eng/h2o/Gatun_Water_Level_Projection.csv,2026-10-07T04:55:24.793546Z,ACP: uso informativo; sin licencia abierta declarada,2026-03-14,acp,diaria,true
PAN,ACP.GATUN.PROYECCION,"Proyección del lago Gatún; ausente al corte, no reconstruida",2026,null,pies,https://evtms-rpts.pancanal.com/eng/h2o/Gatun_Water_Level_Projection.csv,2026-10-07T04:55:24.793546Z,ACP: uso informativo; sin licencia abierta declarada,2026-03-15,acp,diaria,true
PAN,ACP.GATUN.PROYECCION,"Proyección del lago Gatún; ausente al corte, no reconstruida",2026,null,pies,https://evtms-rpts.pancanal.com/eng/h2o/Gatun_Water_Level_Projection.csv,2026-10-07T04:55:24.793546Z,ACP: uso informativo; sin licencia abierta declarada,2026-03-16,acp,diaria,true
PAN,ACP.GATUN.PROYECCION,"Proyección del lago Gatún; ausente al corte, no reconstruida",2026,null,pies,https://evtms-rpts.pancanal.com/eng/h2o/Gatun_Water_Level_Projection.csv,2026-10-07T04:55:24.793546Z,ACP: uso informativo; sin licencia abierta declarada,2026-03-17,acp,diaria,true
PAN,ACP.GATUN.PROYECCION,"Proyección del lago Gatún; ausente al corte, no reconstruida",2026,null,pies,https://evtms-rpts.pancanal.com/eng/h2o/Gatun_Water_Level_Projection.csv,2026-10-07T04:55:24.793546Z,ACP: uso informativo; sin licencia abierta declarada,2026-03-18,acp,diaria,true
PAN,ACP.GATUN.PROYECCION,"Proyección del lago Gatún; ausente al corte, no reconstruida",2026,null,pies,https://evtms-rpts.pancanal.com/eng/h2o/Gatun_Water_Level_Projection.csv,2026-10-07T04:55:24.793546Z,ACP: uso informativo; sin licencia abierta declarada,2026-03-19,acp,diaria,true
PAN,ACP.GATUN.PROYECCION,"Proyección del lago Gatún; ausente al corte, no reconstruida",2026,null,pies,https://evtms-rpts.pancanal.com/eng/h2o/Gatun_Water_Level_Projection.csv,2026-10-07T04:55:24.793546Z,ACP: uso informativo; sin licencia abierta declarada,2026-03-20,acp,diaria,true
PAN,ACP.GATUN.PROYECCION,"Proyección del lago Gatún; ausente al corte, no reconstruida",2026,null,pies,https://evtms-rpts.pancanal.com/eng/h2o/Gatun_Water_Level_Projection.csv,2026-10-07T04:55:24.793546Z,ACP: uso informativo; sin licencia abierta declarada,2026-03-21,acp,diaria,true
PAN,ACP.GATUN.PROYECCION,"Proyección del lago Gatún; ausente al corte, no reconstruida",2026,null,pies,https://evtms-rpts.pancanal.com/eng/h2o/Gatun_Water_Level_Projection.csv,2026-10-07T04:55:24.793546Z,ACP: uso informativo; sin licencia abierta declarada,2026-03-22,acp,diaria,true
PAN,ACP.GATUN.PROYECCION,"Proyección del lago Gatún; ausente al corte, no reconstruida",2026,null,pies,https://evtms-rpts.pancanal.com/eng/h2o/Gatun_Water_Level_Projection.csv,2026-10-07T04:55:24.793546Z,ACP: uso informativo; sin licencia abierta declarada,2026-03-23,acp,diaria,true
PAN,ACP.GATUN.PROYECCION,"Proyección del lago Gatún; ausente al corte, no reconstruida",2026,null,pies,https://evtms-rpts.pancanal.com/eng/h2o/Gatun_Water_Level_Projection.csv,2026-10-07T04:55:24.793546Z,ACP: uso informativo; sin licencia abierta declarada,2026-03-24,acp,diaria,true
PAN,ACP.GATUN.PROYECCION,"Proyección del lago Gatún; ausente al corte, no reconstruida",2026,null,pies,https://evtms-rpts.pancanal.com/eng/h2o/Gatun_Water_Level_Projection.csv,2026-10-07T04:55:24.793546Z,ACP: uso informativo; sin licencia abierta declarada,2026-03-25,acp,diaria,true
PAN,ACP.GATUN.PROYECCION,"Proyección del lago Gatún; ausente al corte, no reconstruida",2026,null,pies,https://evtms-rpts.pancanal.com/eng/h2o/Gatun_Water_Level_Projection.csv,2026-10-07T04:55:24.793546Z,ACP: uso informativo; sin licencia abierta declarada,2026-03-26,acp,diaria,true
PAN,ACP.GATUN.PROYECCION,"Proyección del lago Gatún; ausente al corte, no reconstruida",2026,null,pies,https://evtms-rpts.pancanal.com/eng/h2o/Gatun_Water_Level_Projection.csv,2026-10-07T04:55:24.793546Z,ACP: uso informativo; sin licencia abierta declarada,2026-03-27,acp,diaria,true
PAN,ACP.GATUN.PROYECCION,"Proyección del lago Gatún; ausente al corte, no reconstruida",2026,null,pies,https://evtms-rpts.pancanal.com/eng/h2o/Gatun_Water_Level_Projection.csv,2026-10-07T04:55:24.793546Z,ACP: uso informativo; sin licencia abierta declarada,2026-03-28,acp,diaria,true
PAN,ACP.GATUN.PROYECCION,"Proyección del lago Gatún; ausente al corte, no reconstruida",2026,null,pies,https://evtms-rpts.pancanal.com/eng/h2o/Gatun_Water_Level_Projection.csv,2026-10-07T04:55:24.793546Z,ACP: uso informativo; sin licencia abierta declarada,2026-03-29,acp,diaria,true
PAN,ACP.GATUN.PROYECCION,"Proyección del lago Gatún; ausente al corte, no reconstruida",2026,null,pies,https://evtms-rpts.pancanal.com/eng/h2o/Gatun_Water_Level_Projection.csv,2026-10-07T04:55:24.793546Z,ACP: uso informativo; sin licencia abierta declarada,2026-03-30,acp,diaria,true
PAN,ACP.GATUN.PROYECCION,"Proyección del lago Gatún; ausente al corte, no reconstruida",2026,null,pies,https://evtms-rpts.pancanal.com/eng/h2o/Gatun_Water_Level_Projection.csv,2026-10-07T04:55:24.793546Z,ACP: uso informativo; sin licencia abierta declarada,2026-03-31,acp,diaria,true
PAN,ACP.GATUN.PROYECCION,"Proyección del lago Gatún; ausente al corte, no reconstruida",2026,null,pies,https://evtms-rpts.pancanal.com/eng/h2o/Gatun_Water_Level_Projection.csv,2026-10-07T04:55:24.793546Z,ACP: uso informativo; sin licencia abierta declarada,2026-04-01,acp,diaria,true
PAN,ACP.GATUN.PROYECCION,"Proyección del lago Gatún; ausente al corte, no reconstruida",2026,null,pies,https://evtms-rpts.pancanal.com/eng/h2o/Gatun_Water_Level_Projection.csv,2026-10-07T04:55:24.793546Z,ACP: uso informativo; sin licencia abierta declarada,2026-04-02,acp,diaria,true
PAN,ACP.GATUN.PROYECCION,"Proyección del lago Gatún; ausente al corte, no reconstruida",2026,null,pies,https://evtms-rpts.pancanal.com/eng/h2o/Gatun_Water_Level_Projection.csv,2026-10-07T04:55:24.793546Z,ACP: uso informativo; sin licencia abierta declarada,2026-04-03,acp,diaria,true
PAN,ACP.GATUN.PROYECCION,"Proyección del lago Gatún; ausente al corte, no reconstruida",2026,null,pies,https://evtms-rpts.pancanal.com/eng/h2o/Gatun_Water_Level_Projection.csv,2026-10-07T04:55:24.793546Z,ACP: uso informativo; sin licencia abierta declarada,2026-04-04,acp,diaria,true
PAN,ACP.GATUN.PROYECCION,"Proyección del lago Gatún; ausente al corte, no reconstruida",2026,null,pies,https://evtms-rpts.pancanal.com/eng/h2o/Gatun_Water_Level_Projection.csv,2026-10-07T04:55:24.793546Z,ACP: uso informativo; sin licencia abierta declarada,2026-04-05,acp,diaria,true
PAN,ACP.GATUN.PROYECCION,"Proyección del lago Gatún; ausente al corte, no reconstruida",2026,null,pies,https://evtms-rpts.pancanal.com/eng/h2o/Gatun_Water_Level_Projection.csv,2026-10-07T04:55:24.793546Z,ACP: uso informativo; sin licencia abierta declarada,2026-04-06,acp,diaria,true
PAN,ACP.GATUN.PROYECCION,"Proyección del lago Gatún; ausente al corte, no reconstruida",2026,null,pies,https://evtms-rpts.pancanal.com/eng/h2o/Gatun_Water_Level_Projection.csv,2026-10-07T04:55:24.793546Z,ACP: uso informativo; sin licencia abierta declarada,2026-04-07,acp,diaria,true
PAN,ACP.GATUN.PROYECCION,"Proyección del lago Gatún; ausente al corte, no reconstruida",2026,null,pies,https://evtms-rpts.pancanal.com/eng/h2o/Gatun_Water_Level_Projection.csv,2026-10-07T04:55:24.793546Z,ACP: uso informativo; sin licencia abierta declarada,2026-04-08,acp,diaria,true
PAN,ACP.GATUN.PROYECCION,"Proyección del lago Gatún; ausente al corte, no reconstruida",2026,null,pies,https://evtms-rpts.pancanal.com/eng/h2o/Gatun_Water_Level_Projection.csv,2026-10-07T04:55:24.793546Z,ACP: uso informativo; sin licencia abierta declarada,2026-04-09,acp,diaria,true
PAN,ACP.GATUN.PROYECCION,"Proyección del lago Gatún; ausente al corte, no reconstruida",2026,null,pies,https://evtms-rpts.pancanal.com/eng/h2o/Gatun_Water_Level_Projection.csv,2026-10-07T04:55:24.793546Z,ACP: uso informativo; sin licencia abierta declarada,2026-04-10,acp,diaria,true
PAN,ACP.GATUN.PROYECCION,"Proyección del lago Gatún; ausente al corte, no reconstruida",2026,null,pies,https://evtms-rpts.pancanal.com/eng/h2o/Gatun_Water_Level_Projection.csv,2026-10-07T04:55:24.793546Z,ACP: uso informativo; sin licencia abierta declarada,2026-04-11,acp,diaria,true
PAN,ACP.GATUN.PROYECCION,"Proyección del lago Gatún; ausente al corte, no reconstruida",2026,null,pies,https://evtms-rpts.pancanal.com/eng/h2o/Gatun_Water_Level_Projection.csv,2026-10-07T04:55:24.793546Z,ACP: uso informativo; sin licencia abierta declarada,2026-04-12,acp,diaria,true
PAN,ACP.GATUN.PROYECCION,"Proyección del lago Gatún; ausente al corte, no reconstruida",2026,null,pies,https://evtms-rpts.pancanal.com/eng/h2o/Gatun_Water_Level_Projection.csv,2026-10-07T04:55:24.793546Z,ACP: uso informativo; sin licencia abierta declarada,2026-04-13,acp,diaria,true
PAN,ACP.GATUN.PROYECCION,"Proyección del lago Gatún; ausente al corte, no reconstruida",2026,null,pies,https://evtms-rpts.pancanal.com/eng/h2o/Gatun_Water_Level_Projection.csv,2026-10-07T04:55:24.793546Z,ACP: uso informativo; sin licencia abierta declarada,2026-04-14,acp,diaria,true
PAN,ACP.GATUN.PROYECCION,"Proyección del lago Gatún; ausente al corte, no reconstruida",2026,null,pies,https://evtms-rpts.pancanal.com/eng/h2o/Gatun_Water_Level_Projection.csv,2026-10-07T04:55:24.793546Z,ACP: uso informativo; sin licencia abierta declarada,2026-04-15,acp,diaria,true
PAN,ACP.GATUN.PROYECCION,"Proyección del lago Gatún; ausente al corte, no reconstruida",2026,null,pies,https://evtms-rpts.pancanal.com/eng/h2o/Gatun_Water_Level_Projection.csv,2026-10-07T04:55:24.793546Z,ACP: uso informativo; sin licencia abierta declarada,2026-04-16,acp,diaria,true
PAN,ACP.GATUN.PROYECCION,"Proyección del lago Gatún; ausente al corte, no reconstruida",2026,null,pies,https://evtms-rpts.pancanal.com/eng/h2o/Gatun_Water_Level_Projection.csv,2026-10-07T04:55:24.793546Z,ACP: uso informativo; sin licencia abierta declarada,2026-04-17,acp,diaria,true
PAN,ACP.GATUN.PROYECCION,"Proyección del lago Gatún; ausente al corte, no reconstruida",2026,null,pies,https://evtms-rpts.pancanal.com/eng/h2o/Gatun_Water_Level_Projection.csv,2026-10-07T04:55:24.793546Z,ACP: uso informativo; sin licencia abierta declarada,2026-04-18,acp,diaria,true
PAN,ACP.GATUN.PROYECCION,"Proyección del lago Gatún; ausente al corte, no reconstruida",2026,null,pies,https://evtms-rpts.pancanal.com/eng/h2o/Gatun_Water_Level_Projection.csv,2026-10-07T04:55:24.793546Z,ACP: uso informativo; sin licencia abierta declarada,2026-04-19,acp,diaria,true
PAN,ACP.GATUN.PROYECCION,"Proyección del lago Gatún; ausente al corte, no reconstruida",2026,null,pies,https://evtms-rpts.pancanal.com/eng/h2o/Gatun_Water_Level_Projection.csv,2026-10-07T04:55:24.793546Z,ACP: uso informativo; sin licencia abierta declarada,2026-04-20,acp,diaria,true
PAN,ACP.GATUN.PROYECCION,"Proyección del lago Gatún; ausente al corte, no reconstruida",2026,null,pies,https://evtms-rpts.pancanal.com/eng/h2o/Gatun_Water_Level_Projection.csv,2026-10-07T04:55:24.793546Z,ACP: uso informativo; sin licencia abierta declarada,2026-04-21,acp,diaria,true
PAN,ACP.GATUN.PROYECCION,"Proyección del lago Gatún; ausente al corte, no reconstruida",2026,null,pies,https://evtms-rpts.pancanal.com/eng/h2o/Gatun_Water_Level_Projection.csv,2026-10-07T04:55:24.793546Z,ACP: uso informativo; sin licencia abierta declarada,2026-04-22,acp,diaria,true
PAN,ACP.GATUN.PROYECCION,"Proyección del lago Gatún; ausente al corte, no reconstruida",2026,null,pies,https://evtms-rpts.pancanal.com/eng/h2o/Gatun_Water_Level_Projection.csv,2026-10-07T04:55:24.793546Z,ACP: uso informativo; sin licencia abierta declarada,2026-04-23,acp,diaria,true
PAN,ACP.GATUN.PROYECCION,"Proyección del lago Gatún; ausente al corte, no reconstruida",2026,null,pies,https://evtms-rpts.pancanal.com/eng/h2o/Gatun_Water_Level_Projection.csv,2026-10-07T04:55:24.793546Z,ACP: uso informativo; sin licencia abierta declarada,2026-04-24,acp,diaria,true
PAN,ACP.GATUN.PROYECCION,"Proyección del lago Gatún; ausente al corte, no reconstruida",2026,null,pies,https://evtms-rpts.pancanal.com/eng/h2o/Gatun_Water_Level_Projection.csv,2026-10-07T04:55:24.793546Z,ACP: uso informativo; sin licencia abierta declarada,2026-04-25,acp,diaria,true
PAN,ACP.GATUN.PROYECCION,"Proyección del lago Gatún; ausente al corte, no reconstruida",2026,null,pies,https://evtms-rpts.pancanal.com/eng/h2o/Gatun_Water_Level_Projection.csv,2026-10-07T04:55:24.793546Z,ACP: uso informativo; sin licencia abierta declarada,2026-04-26,acp,diaria,true
PAN,ACP.GATUN.PROYECCION,"Proyección del lago Gatún; ausente al corte, no reconstruida",2026,null,pies,https://evtms-rpts.pancanal.com/eng/h2o/Gatun_Water_Level_Projection.csv,2026-10-07T04:55:24.793546Z,ACP: uso informativo; sin licencia abierta declarada,2026-04-27,acp,diaria,true
PAN,ACP.GATUN.PROYECCION,"Proyección del lago Gatún; ausente al corte, no reconstruida",2026,null,pies,https://evtms-rpts.pancanal.com/eng/h2o/Gatun_Water_Level_Projection.csv,2026-10-07T04:55:24.793546Z,ACP: uso informativo; sin licencia abierta declarada,2026-04-28,acp,diaria,true
PAN,ACP.GATUN.PROYECCION,"Proyección del lago Gatún; ausente al corte, no reconstruida",2026,null,pies,https://evtms-rpts.pancanal.com/eng/h2o/Gatun_Water_Level_Projection.csv,2026-10-07T04:55:24.793546Z,ACP: uso informativo; sin licencia abierta declarada,2026-04-29,acp,diaria,true
PAN,ACP.GATUN.PROYECCION,"Proyección del lago Gatún; ausente al corte, no reconstruida",2026,null,pies,https://evtms-rpts.pancanal.com/eng/h2o/Gatun_Water_Level_Projection.csv,2026-10-07T04:55:24.793546Z,ACP: uso informativo; sin licencia abierta declarada,2026-04-30,acp,diaria,true
PAN,ACP.GATUN.PROYECCION,"Proyección del lago Gatún; ausente al corte, no reconstruida",2026,null,pies,https://evtms-rpts.pancanal.com/eng/h2o/Gatun_Water_Level_Projection.csv,2026-10-07T04:55:24.793546Z,ACP: uso informativo; sin licencia abierta declarada,2026-05-01,acp,diaria,true
PAN,ACP.GATUN.PROYECCION,"Proyección del lago Gatún; ausente al corte, no reconstruida",2026,null,pies,https://evtms-rpts.pancanal.com/eng/h2o/Gatun_Water_Level_Projection.csv,2026-10-07T04:55:24.793546Z,ACP: uso informativo; sin licencia abierta declarada,2026-05-02,acp,diaria,true
PAN,ACP.GATUN.PROYECCION,"Proyección del lago Gatún; ausente al corte, no reconstruida",2026,null,pies,https://evtms-rpts.pancanal.com/eng/h2o/Gatun_Water_Level_Projection.csv,2026-10-07T04:55:24.793546Z,ACP: uso informativo; sin licencia abierta declarada,2026-05-03,acp,diaria,true
PAN,ACP.GATUN.PROYECCION,"Proyección del lago Gatún; ausente al corte, no reconstruida",2026,null,pies,https://evtms-rpts.pancanal.com/eng/h2o/Gatun_Water_Level_Projection.csv,2026-10-07T04:55:24.793546Z,ACP: uso informativo; sin licencia abierta declarada,2026-05-04,acp,diaria,true
PAN,ACP.GATUN.PROYECCION,"Proyección del lago Gatún; ausente al corte, no reconstruida",2026,null,pies,https://evtms-rpts.pancanal.com/eng/h2o/Gatun_Water_Level_Projection.csv,2026-10-07T04:55:24.793546Z,ACP: uso informativo; sin licencia abierta declarada,2026-05-05,acp,diaria,true
PAN,ACP.GATUN.PROYECCION,"Proyección del lago Gatún; ausente al corte, no reconstruida",2026,null,pies,https://evtms-rpts.pancanal.com/eng/h2o/Gatun_Water_Level_Projection.csv,2026-10-07T04:55:24.793546Z,ACP: uso informativo; sin licencia abierta declarada,2026-05-06,acp,diaria,true
PAN,ACP.GATUN.PROYECCION,"Proyección del lago Gatún; ausente al corte, no reconstruida",2026,null,pies,https://evtms-rpts.pancanal.com/eng/h2o/Gatun_Water_Level_Projection.csv,2026-10-07T04:55:24.793546Z,ACP: uso informativo; sin licencia abierta declarada,2026-05-07,acp,diaria,true
PAN,ACP.GATUN.PROYECCION,"Proyección del lago Gatún; ausente al corte, no reconstruida",2026,null,pies,https://evtms-rpts.pancanal.com/eng/h2o/Gatun_Water_Level_Projection.csv,2026-10-07T04:55:24.793546Z,ACP: uso informativo; sin licencia abierta declarada,2026-05-08,acp,diaria,true
PAN,ACP.GATUN.PROYECCION,"Proyección del lago Gatún; ausente al corte, no reconstruida",2026,null,pies,https://evtms-rpts.pancanal.com/eng/h2o/Gatun_Water_Level_Projection.csv,2026-10-07T04:55:24.793546Z,ACP: uso informativo; sin licencia abierta declarada,2026-05-09,acp,diaria,true
PAN,ACP.GATUN.PROYECCION,"Proyección del lago Gatún; ausente al corte, no reconstruida",2026,null,pies,https://evtms-rpts.pancanal.com/eng/h2o/Gatun_Water_Level_Projection.csv,2026-10-07T04:55:24.793546Z,ACP: uso informativo; sin licencia abierta declarada,2026-05-10,acp,diaria,true
PAN,ACP.GATUN.PROYECCION,"Proyección del lago Gatún; ausente al corte, no reconstruida",2026,null,pies,https://evtms-rpts.pancanal.com/eng/h2o/Gatun_Water_Level_Projection.csv,2026-10-07T04:55:24.793546Z,ACP: uso informativo; sin licencia abierta declarada,2026-05-11,acp,diaria,true
PAN,ACP.GATUN.PROYECCION,"Proyección del lago Gatún; ausente al corte, no reconstruida",2026,null,pies,https://evtms-rpts.pancanal.com/eng/h2o/Gatun_Water_Level_Projection.csv,2026-10-07T04:55:24.793546Z,ACP: uso informativo; sin licencia abierta declarada,2026-05-12,acp,diaria,true
PAN,ACP.GATUN.PROYECCION,"Proyección del lago Gatún; ausente al corte, no reconstruida",2026,null,pies,https://evtms-rpts.pancanal.com/eng/h2o/Gatun_Water_Level_Projection.csv,2026-10-07T04:55:24.793546Z,ACP: uso informativo; sin licencia abierta declarada,2026-05-13,acp,diaria,true
PAN,ACP.GATUN.PROYECCION,"Proyección del lago Gatún; ausente al corte, no reconstruida",2026,null,pies,https://evtms-rpts.pancanal.com/eng/h2o/Gatun_Water_Level_Projection.csv,2026-10-07T04:55:24.793546Z,ACP: uso informativo; sin licencia abierta declarada,2026-05-14,acp,diaria,true
PAN,ACP.GATUN.PROYECCION,"Proyección del lago Gatún; ausente al corte, no reconstruida",2026,null,pies,https://evtms-rpts.pancanal.com/eng/h2o/Gatun_Water_Level_Projection.csv,2026-10-07T04:55:24.793546Z,ACP: uso informativo; sin licencia abierta declarada,2026-05-15,acp,diaria,true
PAN,ACP.GATUN.PROYECCION,"Proyección del lago Gatún; ausente al corte, no reconstruida",2026,null,pies,https://evtms-rpts.pancanal.com/eng/h2o/Gatun_Water_Level_Projection.csv,2026-10-07T04:55:24.793546Z,ACP: uso informativo; sin licencia abierta declarada,2026-05-16,acp,diaria,true
PAN,ACP.GATUN.PROYECCION,"Proyección del lago Gatún; ausente al corte, no reconstruida",2026,null,pies,https://evtms-rpts.pancanal.com/eng/h2o/Gatun_Water_Level_Projection.csv,2026-10-07T04:55:24.793546Z,ACP: uso informativo; sin licencia abierta declarada,2026-05-17,acp,diaria,true
PAN,ACP.GATUN.PROYECCION,"Proyección del lago Gatún; ausente al corte, no reconstruida",2026,null,pies,https://evtms-rpts.pancanal.com/eng/h2o/Gatun_Water_Level_Projection.csv,2026-10-07T04:55:24.793546Z,ACP: uso informativo; sin licencia abierta declarada,2026-05-18,acp,diaria,true
PAN,ACP.GATUN.PROYECCION,"Proyección del lago Gatún; ausente al corte, no reconstruida",2026,null,pies,https://evtms-rpts.pancanal.com/eng/h2o/Gatun_Water_Level_Projection.csv,2026-10-07T04:55:24.793546Z,ACP: uso informativo; sin licencia abierta declarada,2026-05-19,acp,diaria,true
PAN,ACP.GATUN.PROYECCION,"Proyección del lago Gatún; ausente al corte, no reconstruida",2026,null,pies,https://evtms-rpts.pancanal.com/eng/h2o/Gatun_Water_Level_Projection.csv,2026-10-07T04:55:24.793546Z,ACP: uso informativo; sin licencia abierta declarada,2026-05-20,acp,diaria,true
PAN,ACP.GATUN.PROYECCION,"Proyección del lago Gatún; ausente al corte, no reconstruida",2026,null,pies,https://evtms-rpts.pancanal.com/eng/h2o/Gatun_Water_Level_Projection.csv,2026-10-07T04:55:24.793546Z,ACP: uso informativo; sin licencia abierta declarada,2026-05-21,acp,diaria,true
PAN,ACP.GATUN.PROYECCION,"Proyección del lago Gatún; ausente al corte, no reconstruida",2026,null,pies,https://evtms-rpts.pancanal.com/eng/h2o/Gatun_Water_Level_Projection.csv,2026-10-07T04:55:24.793546Z,ACP: uso informativo; sin licencia abierta declarada,2026-05-22,acp,diaria,true
PAN,ACP.GATUN.PROYECCION,"Proyección del lago Gatún; ausente al corte, no reconstruida",2026,null,pies,https://evtms-rpts.pancanal.com/eng/h2o/Gatun_Water_Level_Projection.csv,2026-10-07T04:55:24.793546Z,ACP: uso informativo; sin licencia abierta declarada,2026-05-23,acp,diaria,true
PAN,ACP.GATUN.PROYECCION,"Proyección del lago Gatún; ausente al corte, no reconstruida",2026,null,pies,https://evtms-rpts.pancanal.com/eng/h2o/Gatun_Water_Level_Projection.csv,2026-10-07T04:55:24.793546Z,ACP: uso informativo; sin licencia abierta declarada,2026-05-24,acp,diaria,true
PAN,ACP.GATUN.PROYECCION,"Proyección del lago Gatún; ausente al corte, no reconstruida",2026,null,pies,https://evtms-rpts.pancanal.com/eng/h2o/Gatun_Water_Level_Projection.csv,2026-10-07T04:55:24.793546Z,ACP: uso informativo; sin licencia abierta declarada,2026-05-25,acp,diaria,true
PAN,ACP.GATUN.PROYECCION,"Proyección del lago Gatún; ausente al corte, no reconstruida",2026,null,pies,https://evtms-rpts.pancanal.com/eng/h2o/Gatun_Water_Level_Projection.csv,2026-10-07T04:55:24.793546Z,ACP: uso informativo; sin licencia abierta declarada,2026-05-26,acp,diaria,true
PAN,ACP.GATUN.PROYECCION,"Proyección del lago Gatún; ausente al corte, no reconstruida",2026,null,pies,https://evtms-rpts.pancanal.com/eng/h2o/Gatun_Water_Level_Projection.csv,2026-10-07T04:55:24.793546Z,ACP: uso informativo; sin licencia abierta declarada,2026-05-27,acp,diaria,true
PAN,ACP.GATUN.PROYECCION,"Proyección del lago Gatún; ausente al corte, no reconstruida",2026,null,pies,https://evtms-rpts.pancanal.com/eng/h2o/Gatun_Water_Level_Projection.csv,2026-10-07T04:55:24.793546Z,ACP: uso informativo; sin licencia abierta declarada,2026-05-28,acp,diaria,true
PAN,ACP.GATUN.PROYECCION,"Proyección del lago Gatún; ausente al corte, no reconstruida",2026,null,pies,https://evtms-rpts.pancanal.com/eng/h2o/Gatun_Water_Level_Projection.csv,2026-10-07T04:55:24.793546Z,ACP: uso informativo; sin licencia abierta declarada,2026-05-29,acp,diaria,true
PAN,ACP.GATUN.PROYECCION,"Proyección del lago Gatún; ausente al corte, no reconstruida",2026,null,pies,https://evtms-rpts.pancanal.com/eng/h2o/Gatun_Water_Level_Projection.csv,2026-10-07T04:55:24.793546Z,ACP: uso informativo; sin licencia abierta declarada,2026-05-30,acp,diaria,true
PAN,ACP.GATUN.PROYECCION,"Proyección del lago Gatún; ausente al corte, no reconstruida",2026,null,pies,https://evtms-rpts.pancanal.com/eng/h2o/Gatun_Water_Level_Projection.csv,2026-10-07T04:55:24.793546Z,ACP: uso informativo; sin licencia abierta declarada,2026-05-31,acp,diaria,true
PAN,ACP.GATUN.PROYECCION,"Proyección del lago Gatún; ausente al corte, no reconstruida",2026,null,pies,https://evtms-rpts.pancanal.com/eng/h2o/Gatun_Water_Level_Projection.csv,2026-10-07T04:55:24.793546Z,ACP: uso informativo; sin licencia abierta declarada,2026-06-01,acp,diaria,true
PAN,ACP.GATUN.PROYECCION,"Proyección del lago Gatún; ausente al corte, no reconstruida",2026,null,pies,https://evtms-rpts.pancanal.com/eng/h2o/Gatun_Water_Level_Projection.csv,2026-10-07T04:55:24.793546Z,ACP: uso informativo; sin licencia abierta declarada,2026-06-02,acp,diaria,true
PAN,ACP.GATUN.PROYECCION,"Proyección del lago Gatún; ausente al corte, no reconstruida",2026,null,pies,https://evtms-rpts.pancanal.com/eng/h2o/Gatun_Water_Level_Projection.csv,2026-10-07T04:55:24.793546Z,ACP: uso informativo; sin licencia abierta declarada,2026-06-03,acp,diaria,true
PAN,ACP.GATUN.PROYECCION,"Proyección del lago Gatún; ausente al corte, no reconstruida",2026,null,pies,https://evtms-rpts.pancanal.com/eng/h2o/Gatun_Water_Level_Projection.csv,2026-10-07T04:55:24.793546Z,ACP: uso informativo; sin licencia abierta declarada,2026-06-04,acp,diaria,true
PAN,ACP.GATUN.PROYECCION,"Proyección del lago Gatún; ausente al corte, no reconstruida",2026,null,pies,https://evtms-rpts.pancanal.com/eng/h2o/Gatun_Water_Level_Projection.csv,2026-10-07T04:55:24.793546Z,ACP: uso informativo; sin licencia abierta declarada,2026-06-05,acp,diaria,true
PAN,ACP.GATUN.PROYECCION,"Proyección del lago Gatún; ausente al corte, no reconstruida",2026,null,pies,https://evtms-rpts.pancanal.com/eng/h2o/Gatun_Water_Level_Projection.csv,2026-10-07T04:55:24.793546Z,ACP: uso informativo; sin licencia abierta declarada,2026-06-06,acp,diaria,true
PAN,ACP.GATUN.PROYECCION,"Proyección del lago Gatún; ausente al corte, no reconstruida",2026,null,pies,https://evtms-rpts.pancanal.com/eng/h2o/Gatun_Water_Level_Projection.csv,2026-10-07T04:55:24.793546Z,ACP: uso informativo; sin licencia abierta declarada,2026-06-07,acp,diaria,true
PAN,ACP.GATUN.PROYECCION,"Proyección del lago Gatún; ausente al corte, no reconstruida",2026,null,pies,https://evtms-rpts.pancanal.com/eng/h2o/Gatun_Water_Level_Projection.csv,2026-10-07T04:55:24.793546Z,ACP: uso informativo; sin licencia abierta declarada,2026-06-08,acp,diaria,true
PAN,ACP.GATUN.PROYECCION,"Proyección del lago Gatún; ausente al corte, no reconstruida",2026,null,pies,https://evtms-rpts.pancanal.com/eng/h2o/Gatun_Water_Level_Projection.csv,2026-10-07T04:55:24.793546Z,ACP: uso informativo; sin licencia abierta declarada,2026-06-09,acp,diaria,true
PAN,ACP.GATUN.PROYECCION,"Proyección del lago Gatún; ausente al corte, no reconstruida",2026,null,pies,https://evtms-rpts.pancanal.com/eng/h2o/Gatun_Water_Level_Projection.csv,2026-10-07T04:55:24.793546Z,ACP: uso informativo; sin licencia abierta declarada,2026-06-10,acp,diaria,true
PAN,ACP.GATUN.PROYECCION,"Proyección del lago Gatún; ausente al corte, no reconstruida",2026,null,pies,https://evtms-rpts.pancanal.com/eng/h2o/Gatun_Water_Level_Projection.csv,2026-10-07T04:55:24.793546Z,ACP: uso informativo; sin licencia abierta declarada,2026-06-11,acp,diaria,true
PAN,ACP.GATUN.PROYECCION,"Proyección del lago Gatún; ausente al corte, no reconstruida",2026,null,pies,https://evtms-rpts.pancanal.com/eng/h2o/Gatun_Water_Level_Projection.csv,2026-10-07T04:55:24.793546Z,ACP: uso informativo; sin licencia abierta declarada,2026-06-12,acp,diaria,true
PAN,ACP.GATUN.PROYECCION,"Proyección del lago Gatún; ausente al corte, no reconstruida",2026,null,pies,https://evtms-rpts.pancanal.com/eng/h2o/Gatun_Water_Level_Projection.csv,2026-10-07T04:55:24.793546Z,ACP: uso informativo; sin licencia abierta declarada,2026-06-13,acp,diaria,true
PAN,ACP.GATUN.PROYECCION,"Proyección del lago Gatún; ausente al corte, no reconstruida",2026,null,pies,https://evtms-rpts.pancanal.com/eng/h2o/Gatun_Water_Level_Projection.csv,2026-10-07T04:55:24.793546Z,ACP: uso informativo; sin licencia abierta declarada,2026-06-14,acp,diaria,true
PAN,ACP.GATUN.PROYECCION,"Proyección del lago Gatún; ausente al corte, no reconstruida",2026,null,pies,https://evtms-rpts.pancanal.com/eng/h2o/Gatun_Water_Level_Projection.csv,2026-10-07T04:55:24.793546Z,ACP: uso informativo; sin licencia abierta declarada,2026-06-15,acp,diaria,true
PAN,ACP.GATUN.PROYECCION,"Proyección del lago Gatún; ausente al corte, no reconstruida",2026,null,pies,https://evtms-rpts.pancanal.com/eng/h2o/Gatun_Water_Level_Projection.csv,2026-10-07T04:55:24.793546Z,ACP: uso informativo; sin licencia abierta declarada,2026-06-16,acp,diaria,true
PAN,ACP.GATUN.PROYECCION,"Proyección del lago Gatún; ausente al corte, no reconstruida",2026,null,pies,https://evtms-rpts.pancanal.com/eng/h2o/Gatun_Water_Level_Projection.csv,2026-10-07T04:55:24.793546Z,ACP: uso informativo; sin licencia abierta declarada,2026-06-17,acp,diaria,true
PAN,ACP.GATUN.PROYECCION,"Proyección del lago Gatún; ausente al corte, no reconstruida",2026,null,pies,https://evtms-rpts.pancanal.com/eng/h2o/Gatun_Water_Level_Projection.csv,2026-10-07T04:55:24.793546Z,ACP: uso informativo; sin licencia abierta declarada,2026-06-18,acp,diaria,true
PAN,ACP.GATUN.PROYECCION,"Proyección del lago Gatún; ausente al corte, no reconstruida",2026,null,pies,https://evtms-rpts.pancanal.com/eng/h2o/Gatun_Water_Level_Projection.csv,2026-10-07T04:55:24.793546Z,ACP: uso informativo; sin licencia abierta declarada,2026-06-19,acp,diaria,true
PAN,ACP.GATUN.PROYECCION,"Proyección del lago Gatún; ausente al corte, no reconstruida",2026,null,pies,https://evtms-rpts.pancanal.com/eng/h2o/Gatun_Water_Level_Projection.csv,2026-10-07T04:55:24.793546Z,ACP: uso informativo; sin licencia abierta declarada,2026-06-20,acp,diaria,true
PAN,ACP.GATUN.PROYECCION,"Proyección del lago Gatún; ausente al corte, no reconstruida",2026,null,pies,https://evtms-rpts.pancanal.com/eng/h2o/Gatun_Water_Level_Projection.csv,2026-10-07T04:55:24.793546Z,ACP: uso informativo; sin licencia abierta declarada,2026-06-21,acp,diaria,true
PAN,ACP.GATUN.PROYECCION,"Proyección del lago Gatún; ausente al corte, no reconstruida",2026,null,pies,https://evtms-rpts.pancanal.com/eng/h2o/Gatun_Water_Level_Projection.csv,2026-10-07T04:55:24.793546Z,ACP: uso informativo; sin licencia abierta declarada,2026-06-22,acp,diaria,true
PAN,ACP.GATUN.PROYECCION,"Proyección del lago Gatún; ausente al corte, no reconstruida",2026,null,pies,https://evtms-rpts.pancanal.com/eng/h2o/Gatun_Water_Level_Projection.csv,2026-10-07T04:55:24.793546Z,ACP: uso informativo; sin licencia abierta declarada,2026-06-23,acp,diaria,true
PAN,ACP.GATUN.PROYECCION,"Proyección del lago Gatún; ausente al corte, no reconstruida",2026,null,pies,https://evtms-rpts.pancanal.com/eng/h2o/Gatun_Water_Level_Projection.csv,2026-10-07T04:55:24.793546Z,ACP: uso informativo; sin licencia abierta declarada,2026-06-24,acp,diaria,true
PAN,ACP.GATUN.PROYECCION,"Proyección del lago Gatún; ausente al corte, no reconstruida",2026,null,pies,https://evtms-rpts.pancanal.com/eng/h2o/Gatun_Water_Level_Projection.csv,2026-10-07T04:55:24.793546Z,ACP: uso informativo; sin licencia abierta declarada,2026-06-25,acp,diaria,true
PAN,ACP.GATUN.PROYECCION,"Proyección del lago Gatún; ausente al corte, no reconstruida",2026,null,pies,https://evtms-rpts.pancanal.com/eng/h2o/Gatun_Water_Level_Projection.csv,2026-10-07T04:55:24.793546Z,ACP: uso informativo; sin licencia abierta declarada,2026-06-26,acp,diaria,true
PAN,ACP.GATUN.PROYECCION,"Proyección del lago Gatún; ausente al corte, no reconstruida",2026,null,pies,https://evtms-rpts.pancanal.com/eng/h2o/Gatun_Water_Level_Projection.csv,2026-10-07T04:55:24.793546Z,ACP: uso informativo; sin licencia abierta declarada,2026-06-27,acp,diaria,true
PAN,ACP.GATUN.PROYECCION,"Proyección del lago Gatún; ausente al corte, no reconstruida",2026,null,pies,https://evtms-rpts.pancanal.com/eng/h2o/Gatun_Water_Level_Projection.csv,2026-10-07T04:55:24.793546Z,ACP: uso informativo; sin licencia abierta declarada,2026-06-28,acp,diaria,true
PAN,ACP.GATUN.PROYECCION,"Proyección del lago Gatún; ausente al corte, no reconstruida",2026,null,pies,https://evtms-rpts.pancanal.com/eng/h2o/Gatun_Water_Level_Projection.csv,2026-10-07T04:55:24.793546Z,ACP: uso informativo; sin licencia abierta declarada,2026-06-29,acp,diaria,true
PAN,ACP.GATUN.PROYECCION,"Proyección del lago Gatún; ausente al corte, no reconstruida",2026,null,pies,https://evtms-rpts.pancanal.com/eng/h2o/Gatun_Water_Level_Projection.csv,2026-10-07T04:55:24.793546Z,ACP: uso informativo; sin licencia abierta declarada,2026-06-30,acp,diaria,true
PAN,ACP.GATUN.PROYECCION,"Proyección del lago Gatún; ausente al corte, no reconstruida",2026,null,pies,https://evtms-rpts.pancanal.com/eng/h2o/Gatun_Water_Level_Projection.csv,2026-10-07T04:55:24.793546Z,ACP: uso informativo; sin licencia abierta declarada,2026-07-01,acp,diaria,true
PAN,ACP.GATUN.PROYECCION,"Proyección del lago Gatún; ausente al corte, no reconstruida",2026,null,pies,https://evtms-rpts.pancanal.com/eng/h2o/Gatun_Water_Level_Projection.csv,2026-10-07T04:55:24.793546Z,ACP: uso informativo; sin licencia abierta declarada,2026-07-02,acp,diaria,true
PAN,ACP.GATUN.PROYECCION,"Proyección del lago Gatún; ausente al corte, no reconstruida",2026,null,pies,https://evtms-rpts.pancanal.com/eng/h2o/Gatun_Water_Level_Projection.csv,2026-10-07T04:55:24.793546Z,ACP: uso informativo; sin licencia abierta declarada,2026-07-03,acp,diaria,true
PAN,ACP.GATUN.PROYECCION,"Proyección del lago Gatún; ausente al corte, no reconstruida",2026,null,pies,https://evtms-rpts.pancanal.com/eng/h2o/Gatun_Water_Level_Projection.csv,2026-10-07T04:55:24.793546Z,ACP: uso informativo; sin licencia abierta declarada,2026-07-04,acp,diaria,true
PAN,ACP.GATUN.PROYECCION,"Proyección del lago Gatún; ausente al corte, no reconstruida",2026,null,pies,https://evtms-rpts.pancanal.com/eng/h2o/Gatun_Water_Level_Projection.csv,2026-10-07T04:55:24.793546Z,ACP: uso informativo; sin licencia abierta declarada,2026-07-05,acp,diaria,true
PAN,ACP.GATUN.PROYECCION,"Proyección del lago Gatún; ausente al corte, no reconstruida",2026,null,pies,https://evtms-rpts.pancanal.com/eng/h2o/Gatun_Water_Level_Projection.csv,2026-10-07T04:55:24.793546Z,ACP: uso informativo; sin licencia abierta declarada,2026-07-06,acp,diaria,true
PAN,ACP.GATUN.PROYECCION,"Proyección del lago Gatún; ausente al corte, no reconstruida",2026,null,pies,https://evtms-rpts.pancanal.com/eng/h2o/Gatun_Water_Level_Projection.csv,2026-10-07T04:55:24.793546Z,ACP: uso informativo; sin licencia abierta declarada,2026-07-07,acp,diaria,true
PAN,ACP.GATUN.PROYECCION,"Proyección del lago Gatún; ausente al corte, no reconstruida",2026,null,pies,https://evtms-rpts.pancanal.com/eng/h2o/Gatun_Water_Level_Projection.csv,2026-10-07T04:55:24.793546Z,ACP: uso informativo; sin licencia abierta declarada,2026-07-08,acp,diaria,true
PAN,ACP.GATUN.PROYECCION,"Proyección del lago Gatún; ausente al corte, no reconstruida",2026,null,pies,https://evtms-rpts.pancanal.com/eng/h2o/Gatun_Water_Level_Projection.csv,2026-10-07T04:55:24.793546Z,ACP: uso informativo; sin licencia abierta declarada,2026-07-09,acp,diaria,true
PAN,ACP.GATUN.PROYECCION,"Proyección del lago Gatún; ausente al corte, no reconstruida",2026,null,pies,https://evtms-rpts.pancanal.com/eng/h2o/Gatun_Water_Level_Projection.csv,2026-10-07T04:55:24.793546Z,ACP: uso informativo; sin licencia abierta declarada,2026-07-10,acp,diaria,true
PAN,ACP.GATUN.PROYECCION,"Proyección del lago Gatún; ausente al corte, no reconstruida",2026,null,pies,https://evtms-rpts.pancanal.com/eng/h2o/Gatun_Water_Level_Projection.csv,2026-10-07T04:55:24.793546Z,ACP: uso informativo; sin licencia abierta declarada,2026-07-11,acp,diaria,true
PAN,ACP.GATUN.PROYECCION,"Proyección del lago Gatún; ausente al corte, no reconstruida",2026,null,pies,https://evtms-rpts.pancanal.com/eng/h2o/Gatun_Water_Level_Projection.csv,2026-10-07T04:55:24.793546Z,ACP: uso informativo; sin licencia abierta declarada,2026-07-12,acp,diaria,true
PAN,ACP.GATUN.PROYECCION,"Proyección del lago Gatún; ausente al corte, no reconstruida",2026,null,pies,https://evtms-rpts.pancanal.com/eng/h2o/Gatun_Water_Level_Projection.csv,2026-10-07T04:55:24.793546Z,ACP: uso informativo; sin licencia abierta declarada,2026-07-13,acp,diaria,true
PAN,ACP.GATUN.PROYECCION,"Proyección del lago Gatún; ausente al corte, no reconstruida",2026,null,pies,https://evtms-rpts.pancanal.com/eng/h2o/Gatun_Water_Level_Projection.csv,2026-10-07T04:55:24.793546Z,ACP: uso informativo; sin licencia abierta declarada,2026-07-14,acp,diaria,true
PAN,ACP.GATUN.PROYECCION,"Proyección del lago Gatún; ausente al corte, no reconstruida",2026,null,pies,https://evtms-rpts.pancanal.com/eng/h2o/Gatun_Water_Level_Projection.csv,2026-10-07T04:55:24.793546Z,ACP: uso informativo; sin licencia abierta declarada,2026-07-15,acp,diaria,true
PAN,ACP.GATUN.PROYECCION,"Proyección del lago Gatún; ausente al corte, no reconstruida",2026,null,pies,https://evtms-rpts.pancanal.com/eng/h2o/Gatun_Water_Level_Projection.csv,2026-10-07T04:55:24.793546Z,ACP: uso informativo; sin licencia abierta declarada,2026-07-16,acp,diaria,true
PAN,ACP.GATUN.PROYECCION,"Proyección del lago Gatún; ausente al corte, no reconstruida",2026,null,pies,https://evtms-rpts.pancanal.com/eng/h2o/Gatun_Water_Level_Projection.csv,2026-10-07T04:55:24.793546Z,ACP: uso informativo; sin licencia abierta declarada,2026-07-17,acp,diaria,true
PAN,ACP.GATUN.PROYECCION,"Proyección del lago Gatún; ausente al corte, no reconstruida",2026,null,pies,https://evtms-rpts.pancanal.com/eng/h2o/Gatun_Water_Level_Projection.csv,2026-10-07T04:55:24.793546Z,ACP: uso informativo; sin licencia abierta declarada,2026-07-18,acp,diaria,true
PAN,ACP.GATUN.PROYECCION,"Proyección del lago Gatún; ausente al corte, no reconstruida",2026,null,pies,https://evtms-rpts.pancanal.com/eng/h2o/Gatun_Water_Level_Projection.csv,2026-10-07T04:55:24.793546Z,ACP: uso informativo; sin licencia abierta declarada,2026-07-19,acp,diaria,true
PAN,ACP.GATUN.PROYECCION,"Proyección del lago Gatún; ausente al corte, no reconstruida",2026,null,pies,https://evtms-rpts.pancanal.com/eng/h2o/Gatun_Water_Level_Projection.csv,2026-10-07T04:55:24.793546Z,ACP: uso informativo; sin licencia abierta declarada,2026-07-20,acp,diaria,true
PAN,ACP.GATUN.PROYECCION,"Proyección del lago Gatún; ausente al corte, no reconstruida",2026,null,pies,https://evtms-rpts.pancanal.com/eng/h2o/Gatun_Water_Level_Projection.csv,2026-10-07T04:55:24.793546Z,ACP: uso informativo; sin licencia abierta declarada,2026-07-21,acp,diaria,true
PAN,ACP.GATUN.PROYECCION,"Proyección del lago Gatún; ausente al corte, no reconstruida",2026,null,pies,https://evtms-rpts.pancanal.com/eng/h2o/Gatun_Water_Level_Projection.csv,2026-10-07T04:55:24.793546Z,ACP: uso informativo; sin licencia abierta declarada,2026-07-22,acp,diaria,true
PAN,ACP.GATUN.PROYECCION,"Proyección del lago Gatún; ausente al corte, no reconstruida",2026,null,pies,https://evtms-rpts.pancanal.com/eng/h2o/Gatun_Water_Level_Projection.csv,2026-10-07T04:55:24.793546Z,ACP: uso informativo; sin licencia abierta declarada,2026-07-23,acp,diaria,true
PAN,ACP.GATUN.PROYECCION,"Proyección del lago Gatún; ausente al corte, no reconstruida",2026,null,pies,https://evtms-rpts.pancanal.com/eng/h2o/Gatun_Water_Level_Projection.csv,2026-10-07T04:55:24.793546Z,ACP: uso informativo; sin licencia abierta declarada,2026-07-24,acp,diaria,true
PAN,ACP.GATUN.PROYECCION,"Proyección del lago Gatún; ausente al corte, no reconstruida",2026,null,pies,https://evtms-rpts.pancanal.com/eng/h2o/Gatun_Water_Level_Projection.csv,2026-10-07T04:55:24.793546Z,ACP: uso informativo; sin licencia abierta declarada,2026-07-25,acp,diaria,true
PAN,ACP.GATUN.PROYECCION,"Proyección del lago Gatún; ausente al corte, no reconstruida",2026,null,pies,https://evtms-rpts.pancanal.com/eng/h2o/Gatun_Water_Level_Projection.csv,2026-10-07T04:55:24.793546Z,ACP: uso informativo; sin licencia abierta declarada,2026-07-26,acp,diaria,true
PAN,ACP.GATUN.PROYECCION,"Proyección del lago Gatún; ausente al corte, no reconstruida",2026,null,pies,https://evtms-rpts.pancanal.com/eng/h2o/Gatun_Water_Level_Projection.csv,2026-10-07T04:55:24.793546Z,ACP: uso informativo; sin licencia abierta declarada,2026-07-27,acp,diaria,true
PAN,ACP.GATUN.PROYECCION,"Proyección del lago Gatún; ausente al corte, no reconstruida",2026,null,pies,https://evtms-rpts.pancanal.com/eng/h2o/Gatun_Water_Level_Projection.csv,2026-10-07T04:55:24.793546Z,ACP: uso informativo; sin licencia abierta declarada,2026-07-28,acp,diaria,true
PAN,ACP.GATUN.PROYECCION,"Proyección del lago Gatún; ausente al corte, no reconstruida",2026,null,pies,https://evtms-rpts.pancanal.com/eng/h2o/Gatun_Water_Level_Projection.csv,2026-10-07T04:55:24.793546Z,ACP: uso informativo; sin licencia abierta declarada,2026-07-29,acp,diaria,true
PAN,ACP.GATUN.PROYECCION,"Proyección del lago Gatún; ausente al corte, no reconstruida",2026,null,pies,https://evtms-rpts.pancanal.com/eng/h2o/Gatun_Water_Level_Projection.csv,2026-10-07T04:55:24.793546Z,ACP: uso informativo; sin licencia abierta declarada,2026-07-30,acp,diaria,true
PAN,ACP.GATUN.PROYECCION,"Proyección del lago Gatún; ausente al corte, no reconstruida",2026,null,pies,https://evtms-rpts.pancanal.com/eng/h2o/Gatun_Water_Level_Projection.csv,2026-10-07T04:55:24.793546Z,ACP: uso informativo; sin licencia abierta declarada,2026-07-31,acp,diaria,true
PAN,ACP.GATUN.PROYECCION,"Proyección del lago Gatún; ausente al corte, no reconstruida",2026,null,pies,https://evtms-rpts.pancanal.com/eng/h2o/Gatun_Water_Level_Projection.csv,2026-10-07T04:55:24.793546Z,ACP: uso informativo; sin licencia abierta declarada,2026-08-01,acp,diaria,true
PAN,ACP.GATUN.PROYECCION,"Proyección del lago Gatún; ausente al corte, no reconstruida",2026,null,pies,https://evtms-rpts.pancanal.com/eng/h2o/Gatun_Water_Level_Projection.csv,2026-10-07T04:55:24.793546Z,ACP: uso informativo; sin licencia abierta declarada,2026-08-02,acp,diaria,true
PAN,ACP.GATUN.PROYECCION,"Proyección del lago Gatún; ausente al corte, no reconstruida",2026,null,pies,https://evtms-rpts.pancanal.com/eng/h2o/Gatun_Water_Level_Projection.csv,2026-10-07T04:55:24.793546Z,ACP: uso informativo; sin licencia abierta declarada,2026-08-03,acp,diaria,true
PAN,ACP.GATUN.PROYECCION,"Proyección del lago Gatún; ausente al corte, no reconstruida",2026,null,pies,https://evtms-rpts.pancanal.com/eng/h2o/Gatun_Water_Level_Projection.csv,2026-10-07T04:55:24.793546Z,ACP: uso informativo; sin licencia abierta declarada,2026-08-04,acp,diaria,true
PAN,ACP.GATUN.PROYECCION,"Proyección del lago Gatún; ausente al corte, no reconstruida",2026,null,pies,https://evtms-rpts.pancanal.com/eng/h2o/Gatun_Water_Level_Projection.csv,2026-10-07T04:55:24.793546Z,ACP: uso informativo; sin licencia abierta declarada,2026-08-05,acp,diaria,true
PAN,ACP.GATUN.PROYECCION,"Proyección del lago Gatún; ausente al corte, no reconstruida",2026,null,pies,https://evtms-rpts.pancanal.com/eng/h2o/Gatun_Water_Level_Projection.csv,2026-10-07T04:55:24.793546Z,ACP: uso informativo; sin licencia abierta declarada,2026-08-06,acp,diaria,true
PAN,ACP.GATUN.PROYECCION,"Proyección del lago Gatún; ausente al corte, no reconstruida",2026,null,pies,https://evtms-rpts.pancanal.com/eng/h2o/Gatun_Water_Level_Projection.csv,2026-10-07T04:55:24.793546Z,ACP: uso informativo; sin licencia abierta declarada,2026-08-07,acp,diaria,true
PAN,ACP.GATUN.PROYECCION,"Proyección del lago Gatún; ausente al corte, no reconstruida",2026,null,pies,https://evtms-rpts.pancanal.com/eng/h2o/Gatun_Water_Level_Projection.csv,2026-10-07T04:55:24.793546Z,ACP: uso informativo; sin licencia abierta declarada,2026-08-08,acp,diaria,true
PAN,ACP.GATUN.PROYECCION,"Proyección del lago Gatún; ausente al corte, no reconstruida",2026,null,pies,https://evtms-rpts.pancanal.com/eng/h2o/Gatun_Water_Level_Projection.csv,2026-10-07T04:55:24.793546Z,ACP: uso informativo; sin licencia abierta declarada,2026-08-09,acp,diaria,true
PAN,ACP.GATUN.PROYECCION,"Proyección del lago Gatún; ausente al corte, no reconstruida",2026,null,pies,https://evtms-rpts.pancanal.com/eng/h2o/Gatun_Water_Level_Projection.csv,2026-10-07T04:55:24.793546Z,ACP: uso informativo; sin licencia abierta declarada,2026-08-10,acp,diaria,true
PAN,ACP.GATUN.PROYECCION,"Proyección del lago Gatún; ausente al corte, no reconstruida",2026,null,pies,https://evtms-rpts.pancanal.com/eng/h2o/Gatun_Water_Level_Projection.csv,2026-10-07T04:55:24.793546Z,ACP: uso informativo; sin licencia abierta declarada,2026-08-11,acp,diaria,true
PAN,ACP.GATUN.PROYECCION,"Proyección del lago Gatún; ausente al corte, no reconstruida",2026,null,pies,https://evtms-rpts.pancanal.com/eng/h2o/Gatun_Water_Level_Projection.csv,2026-10-07T04:55:24.793546Z,ACP: uso informativo; sin licencia abierta declarada,2026-08-12,acp,diaria,true
PAN,ACP.GATUN.PROYECCION,"Proyección del lago Gatún; ausente al corte, no reconstruida",2026,null,pies,https://evtms-rpts.pancanal.com/eng/h2o/Gatun_Water_Level_Projection.csv,2026-10-07T04:55:24.793546Z,ACP: uso informativo; sin licencia abierta declarada,2026-08-13,acp,diaria,true
PAN,ACP.GATUN.PROYECCION,"Proyección del lago Gatún; ausente al corte, no reconstruida",2026,null,pies,https://evtms-rpts.pancanal.com/eng/h2o/Gatun_Water_Level_Projection.csv,2026-10-07T04:55:24.793546Z,ACP: uso informativo; sin licencia abierta declarada,2026-08-14,acp,diaria,true
PAN,ACP.GATUN.PROYECCION,"Proyección del lago Gatún; ausente al corte, no reconstruida",2026,null,pies,https://evtms-rpts.pancanal.com/eng/h2o/Gatun_Water_Level_Projection.csv,2026-10-07T04:55:24.793546Z,ACP: uso informativo; sin licencia abierta declarada,2026-08-15,acp,diaria,true
PAN,ACP.GATUN.PROYECCION,"Proyección del lago Gatún; ausente al corte, no reconstruida",2026,null,pies,https://evtms-rpts.pancanal.com/eng/h2o/Gatun_Water_Level_Projection.csv,2026-10-07T04:55:24.793546Z,ACP: uso informativo; sin licencia abierta declarada,2026-08-16,acp,diaria,true
PAN,ACP.GATUN.PROYECCION,"Proyección del lago Gatún; ausente al corte, no reconstruida",2026,null,pies,https://evtms-rpts.pancanal.com/eng/h2o/Gatun_Water_Level_Projection.csv,2026-10-07T04:55:24.793546Z,ACP: uso informativo; sin licencia abierta declarada,2026-08-17,acp,diaria,true
PAN,ACP.GATUN.PROYECCION,"Proyección del lago Gatún; ausente al corte, no reconstruida",2026,null,pies,https://evtms-rpts.pancanal.com/eng/h2o/Gatun_Water_Level_Projection.csv,2026-10-07T04:55:24.793546Z,ACP: uso informativo; sin licencia abierta declarada,2026-08-18,acp,diaria,true
PAN,ACP.GATUN.PROYECCION,"Proyección del lago Gatún; ausente al corte, no reconstruida",2026,null,pies,https://evtms-rpts.pancanal.com/eng/h2o/Gatun_Water_Level_Projection.csv,2026-10-07T04:55:24.793546Z,ACP: uso informativo; sin licencia abierta declarada,2026-08-19,acp,diaria,true
PAN,ACP.GATUN.PROYECCION,"Proyección del lago Gatún; ausente al corte, no reconstruida",2026,null,pies,https://evtms-rpts.pancanal.com/eng/h2o/Gatun_Water_Level_Projection.csv,2026-10-07T04:55:24.793546Z,ACP: uso informativo; sin licencia abierta declarada,2026-08-20,acp,diaria,true
PAN,ACP.GATUN.PROYECCION,"Proyección del lago Gatún; ausente al corte, no reconstruida",2026,null,pies,https://evtms-rpts.pancanal.com/eng/h2o/Gatun_Water_Level_Projection.csv,2026-10-07T04:55:24.793546Z,ACP: uso informativo; sin licencia abierta declarada,2026-08-21,acp,diaria,true
PAN,ACP.GATUN.PROYECCION,"Proyección del lago Gatún; ausente al corte, no reconstruida",2026,null,pies,https://evtms-rpts.pancanal.com/eng/h2o/Gatun_Water_Level_Projection.csv,2026-10-07T04:55:24.793546Z,ACP: uso informativo; sin licencia abierta declarada,2026-08-22,acp,diaria,true
PAN,ACP.GATUN.PROYECCION,"Proyección del lago Gatún; ausente al corte, no reconstruida",2026,null,pies,https://evtms-rpts.pancanal.com/eng/h2o/Gatun_Water_Level_Projection.csv,2026-10-07T04:55:24.793546Z,ACP: uso informativo; sin licencia abierta declarada,2026-08-23,acp,diaria,true
PAN,ACP.GATUN.PROYECCION,"Proyección del lago Gatún; ausente al corte, no reconstruida",2026,null,pies,https://evtms-rpts.pancanal.com/eng/h2o/Gatun_Water_Level_Projection.csv,2026-10-07T04:55:24.793546Z,ACP: uso informativo; sin licencia abierta declarada,2026-08-24,acp,diaria,true
PAN,ACP.GATUN.PROYECCION,"Proyección del lago Gatún; ausente al corte, no reconstruida",2026,null,pies,https://evtms-rpts.pancanal.com/eng/h2o/Gatun_Water_Level_Projection.csv,2026-10-07T04:55:24.793546Z,ACP: uso informativo; sin licencia abierta declarada,2026-08-25,acp,diaria,true
PAN,ACP.GATUN.PROYECCION,"Proyección del lago Gatún; ausente al corte, no reconstruida",2026,null,pies,https://evtms-rpts.pancanal.com/eng/h2o/Gatun_Water_Level_Projection.csv,2026-10-07T04:55:24.793546Z,ACP: uso informativo; sin licencia abierta declarada,2026-08-26,acp,diaria,true
PAN,ACP.GATUN.PROYECCION,"Proyección del lago Gatún; ausente al corte, no reconstruida",2026,null,pies,https://evtms-rpts.pancanal.com/eng/h2o/Gatun_Water_Level_Projection.csv,2026-10-07T04:55:24.793546Z,ACP: uso informativo; sin licencia abierta declarada,2026-08-27,acp,diaria,true
PAN,ACP.GATUN.PROYECCION,"Proyección del lago Gatún; ausente al corte, no reconstruida",2026,null,pies,https://evtms-rpts.pancanal.com/eng/h2o/Gatun_Water_Level_Projection.csv,2026-10-07T04:55:24.793546Z,ACP: uso informativo; sin licencia abierta declarada,2026-08-28,acp,diaria,true
PAN,ACP.GATUN.PROYECCION,"Proyección del lago Gatún; ausente al corte, no reconstruida",2026,null,pies,https://evtms-rpts.pancanal.com/eng/h2o/Gatun_Water_Level_Projection.csv,2026-10-07T04:55:24.793546Z,ACP: uso informativo; sin licencia abierta declarada,2026-08-29,acp,diaria,true
PAN,ACP.GATUN.PROYECCION,"Proyección del lago Gatún; ausente al corte, no reconstruida",2026,null,pies,https://evtms-rpts.pancanal.com/eng/h2o/Gatun_Water_Level_Projection.csv,2026-10-07T04:55:24.793546Z,ACP: uso informativo; sin licencia abierta declarada,2026-08-30,acp,diaria,true
PAN,ACP.GATUN.PROYECCION,"Proyección del lago Gatún; ausente al corte, no reconstruida",2026,null,pies,https://evtms-rpts.pancanal.com/eng/h2o/Gatun_Water_Level_Projection.csv,2026-10-07T04:55:24.793546Z,ACP: uso informativo; sin licencia abierta declarada,2026-08-31,acp,diaria,true
PAN,ACP.GATUN.PROYECCION,"Proyección del lago Gatún; ausente al corte, no reconstruida",2026,null,pies,https://evtms-rpts.pancanal.com/eng/h2o/Gatun_Water_Level_Projection.csv,2026-10-07T04:55:24.793546Z,ACP: uso informativo; sin licencia abierta declarada,2026-09-01,acp,diaria,true
PAN,ACP.GATUN.PROYECCION,"Proyección del lago Gatún; ausente al corte, no reconstruida",2026,null,pies,https://evtms-rpts.pancanal.com/eng/h2o/Gatun_Water_Level_Projection.csv,2026-10-07T04:55:24.793546Z,ACP: uso informativo; sin licencia abierta declarada,2026-09-02,acp,diaria,true
PAN,ACP.GATUN.PROYECCION,"Proyección del lago Gatún; ausente al corte, no reconstruida",2026,null,pies,https://evtms-rpts.pancanal.com/eng/h2o/Gatun_Water_Level_Projection.csv,2026-10-07T04:55:24.793546Z,ACP: uso informativo; sin licencia abierta declarada,2026-09-03,acp,diaria,true
PAN,ACP.GATUN.PROYECCION,"Proyección del lago Gatún; ausente al corte, no reconstruida",2026,null,pies,https://evtms-rpts.pancanal.com/eng/h2o/Gatun_Water_Level_Projection.csv,2026-10-07T04:55:24.793546Z,ACP: uso informativo; sin licencia abierta declarada,2026-09-04,acp,diaria,true
PAN,ACP.GATUN.PROYECCION,"Proyección del lago Gatún; ausente al corte, no reconstruida",2026,null,pies,https://evtms-rpts.pancanal.com/eng/h2o/Gatun_Water_Level_Projection.csv,2026-10-07T04:55:24.793546Z,ACP: uso informativo; sin licencia abierta declarada,2026-09-05,acp,diaria,true
PAN,ACP.GATUN.PROYECCION,"Proyección del lago Gatún; ausente al corte, no reconstruida",2026,null,pies,https://evtms-rpts.pancanal.com/eng/h2o/Gatun_Water_Level_Projection.csv,2026-10-07T04:55:24.793546Z,ACP: uso informativo; sin licencia abierta declarada,2026-09-06,acp,diaria,true
PAN,ACP.GATUN.PROYECCION,"Proyección del lago Gatún; ausente al corte, no reconstruida",2026,null,pies,https://evtms-rpts.pancanal.com/eng/h2o/Gatun_Water_Level_Projection.csv,2026-10-07T04:55:24.793546Z,ACP: uso informativo; sin licencia abierta declarada,2026-09-07,acp,diaria,true
PAN,ACP.GATUN.PROYECCION,"Proyección del lago Gatún; ausente al corte, no reconstruida",2026,null,pies,https://evtms-rpts.pancanal.com/eng/h2o/Gatun_Water_Level_Projection.csv,2026-10-07T04:55:24.793546Z,ACP: uso informativo; sin licencia abierta declarada,2026-09-08,acp,diaria,true
PAN,ACP.GATUN.PROYECCION,"Proyección del lago Gatún; ausente al corte, no reconstruida",2026,null,pies,https://evtms-rpts.pancanal.com/eng/h2o/Gatun_Water_Level_Projection.csv,2026-10-07T04:55:24.793546Z,ACP: uso informativo; sin licencia abierta declarada,2026-09-09,acp,diaria,true
PAN,ACP.GATUN.PROYECCION,"Proyección del lago Gatún; ausente al corte, no reconstruida",2026,null,pies,https://evtms-rpts.pancanal.com/eng/h2o/Gatun_Water_Level_Projection.csv,2026-10-07T04:55:24.793546Z,ACP: uso informativo; sin licencia abierta declarada,2026-09-10,acp,diaria,true
PAN,ACP.GATUN.PROYECCION,"Proyección del lago Gatún; ausente al corte, no reconstruida",2026,null,pies,https://evtms-rpts.pancanal.com/eng/h2o/Gatun_Water_Level_Projection.csv,2026-10-07T04:55:24.793546Z,ACP: uso informativo; sin licencia abierta declarada,2026-09-11,acp,diaria,true
PAN,ACP.GATUN.PROYECCION,"Proyección del lago Gatún; ausente al corte, no reconstruida",2026,null,pies,https://evtms-rpts.pancanal.com/eng/h2o/Gatun_Water_Level_Projection.csv,2026-10-07T04:55:24.793546Z,ACP: uso informativo; sin licencia abierta declarada,2026-09-12,acp,diaria,true
PAN,ACP.GATUN.PROYECCION,"Proyección del lago Gatún; ausente al corte, no reconstruida",2026,null,pies,https://evtms-rpts.pancanal.com/eng/h2o/Gatun_Water_Level_Projection.csv,2026-10-07T04:55:24.793546Z,ACP: uso informativo; sin licencia abierta declarada,2026-09-13,acp,diaria,true
PAN,ACP.GATUN.PROYECCION,"Proyección del lago Gatún; ausente al corte, no reconstruida",2026,null,pies,https://evtms-rpts.pancanal.com/eng/h2o/Gatun_Water_Level_Projection.csv,2026-10-07T04:55:24.793546Z,ACP: uso informativo; sin licencia abierta declarada,2026-09-14,acp,diaria,true
PAN,ACP.GATUN.PROYECCION,"Proyección del lago Gatún; ausente al corte, no reconstruida",2026,null,pies,https://evtms-rpts.pancanal.com/eng/h2o/Gatun_Water_Level_Projection.csv,2026-10-07T04:55:24.793546Z,ACP: uso informativo; sin licencia abierta declarada,2026-09-15,acp,diaria,true
PAN,ACP.GATUN.PROYECCION,"Proyección del lago Gatún; ausente al corte, no reconstruida",2026,null,pies,https://evtms-rpts.pancanal.com/eng/h2o/Gatun_Water_Level_Projection.csv,2026-10-07T04:55:24.793546Z,ACP: uso informativo; sin licencia abierta declarada,2026-09-16,acp,diaria,true
PAN,ACP.GATUN.PROYECCION,"Proyección del lago Gatún; ausente al corte, no reconstruida",2026,null,pies,https://evtms-rpts.pancanal.com/eng/h2o/Gatun_Water_Level_Projection.csv,2026-10-07T04:55:24.793546Z,ACP: uso informativo; sin licencia abierta declarada,2026-09-17,acp,diaria,true
PAN,ACP.GATUN.PROYECCION,"Proyección del lago Gatún; ausente al corte, no reconstruida",2026,null,pies,https://evtms-rpts.pancanal.com/eng/h2o/Gatun_Water_Level_Projection.csv,2026-10-07T04:55:24.793546Z,ACP: uso informativo; sin licencia abierta declarada,2026-09-18,acp,diaria,true
PAN,ACP.GATUN.PROYECCION,"Proyección del lago Gatún; ausente al corte, no reconstruida",2026,null,pies,https://evtms-rpts.pancanal.com/eng/h2o/Gatun_Water_Level_Projection.csv,2026-10-07T04:55:24.793546Z,ACP: uso informativo; sin licencia abierta declarada,2026-09-19,acp,diaria,true
PAN,ACP.GATUN.PROYECCION,"Proyección del lago Gatún; ausente al corte, no reconstruida",2026,null,pies,https://evtms-rpts.pancanal.com/eng/h2o/Gatun_Water_Level_Projection.csv,2026-10-07T04:55:24.793546Z,ACP: uso informativo; sin licencia abierta declarada,2026-09-20,acp,diaria,true
PAN,ACP.GATUN.PROYECCION,"Proyección del lago Gatún; ausente al corte, no reconstruida",2026,null,pies,https://evtms-rpts.pancanal.com/eng/h2o/Gatun_Water_Level_Projection.csv,2026-10-07T04:55:24.793546Z,ACP: uso informativo; sin licencia abierta declarada,2026-09-21,acp,diaria,true
PAN,ACP.GATUN.PROYECCION,"Proyección del lago Gatún; ausente al corte, no reconstruida",2026,null,pies,https://evtms-rpts.pancanal.com/eng/h2o/Gatun_Water_Level_Projection.csv,2026-10-07T04:55:24.793546Z,ACP: uso informativo; sin licencia abierta declarada,2026-09-22,acp,diaria,true
PAN,ACP.GATUN.PROYECCION,"Proyección del lago Gatún; ausente al corte, no reconstruida",2026,null,pies,https://evtms-rpts.pancanal.com/eng/h2o/Gatun_Water_Level_Projection.csv,2026-10-07T04:55:24.793546Z,ACP: uso informativo; sin licencia abierta declarada,2026-09-23,acp,diaria,true
PAN,ACP.GATUN.PROYECCION,"Proyección del lago Gatún; ausente al corte, no reconstruida",2026,null,pies,https://evtms-rpts.pancanal.com/eng/h2o/Gatun_Water_Level_Projection.csv,2026-10-07T04:55:24.793546Z,ACP: uso informativo; sin licencia abierta declarada,2026-09-24,acp,diaria,true
PAN,ACP.GATUN.PROYECCION,"Proyección del lago Gatún; ausente al corte, no reconstruida",2026,null,pies,https://evtms-rpts.pancanal.com/eng/h2o/Gatun_Water_Level_Projection.csv,2026-10-07T04:55:24.793546Z,ACP: uso informativo; sin licencia abierta declarada,2026-09-25,acp,diaria,true
PAN,ACP.GATUN.PROYECCION,"Proyección del lago Gatún; ausente al corte, no reconstruida",2026,null,pies,https://evtms-rpts.pancanal.com/eng/h2o/Gatun_Water_Level_Projection.csv,2026-10-07T04:55:24.793546Z,ACP: uso informativo; sin licencia abierta declarada,2026-09-26,acp,diaria,true
PAN,ACP.GATUN.PROYECCION,"Proyección del lago Gatún; ausente al corte, no reconstruida",2026,null,pies,https://evtms-rpts.pancanal.com/eng/h2o/Gatun_Water_Level_Projection.csv,2026-10-07T04:55:24.793546Z,ACP: uso informativo; sin licencia abierta declarada,2026-09-27,acp,diaria,true
PAN,ACP.GATUN.PROYECCION,"Proyección del lago Gatún; ausente al corte, no reconstruida",2026,null,pies,https://evtms-rpts.pancanal.com/eng/h2o/Gatun_Water_Level_Projection.csv,2026-10-07T04:55:24.793546Z,ACP: uso informativo; sin licencia abierta declarada,2026-09-28,acp,diaria,true
PAN,ACP.GATUN.PROYECCION,"Proyección del lago Gatún; ausente al corte, no reconstruida",2026,null,pies,https://evtms-rpts.pancanal.com/eng/h2o/Gatun_Water_Level_Projection.csv,2026-10-07T04:55:24.793546Z,ACP: uso informativo; sin licencia abierta declarada,2026-09-29,acp,diaria,true
PAN,ACP.GATUN.PROYECCION,"Proyección del lago Gatún; ausente al corte, no reconstruida",2026,null,pies,https://evtms-rpts.pancanal.com/eng/h2o/Gatun_Water_Level_Projection.csv,2026-10-07T04:55:24.793546Z,ACP: uso informativo; sin licencia abierta declarada,2026-09-30,acp,diaria,true
PAN,INEC.IPC.VAR_MENSUAL,"IPC nacional urbano, variación mensual; Anexo 4, página PDF 1",2025,-0.04,%,https://www.inec.gob.pa/archivos/A0705547520260914092740Anexo%204.pdf#page=1,2026-10-07T04:55:25.189550Z,CC BY 4.0,2025-09,inec,mensual,false
PAN,INEC.IPC.VAR_INTERANUAL,"IPC nacional urbano, variación interanual; Anexo 4, página PDF 1",2025,0.3,%,https://www.inec.gob.pa/archivos/A0705547520260914092740Anexo%204.pdf#page=1,2026-10-07T04:55:25.189550Z,CC BY 4.0,2025-09,inec,mensual,false
PAN,INEC.IPC.VAR_MENSUAL,"IPC nacional urbano, variación mensual; Anexo 4, página PDF 1",2025,-0.02,%,https://www.inec.gob.pa/archivos/A0705547520260914092740Anexo%204.pdf#page=1,2026-10-07T04:55:25.189550Z,CC BY 4.0,2025-10,inec,mensual,false
PAN,INEC.IPC.VAR_INTERANUAL,"IPC nacional urbano, variación interanual; Anexo 4, página PDF 1",2025,0.5,%,https://www.inec.gob.pa/archivos/A0705547520260914092740Anexo%204.pdf#page=1,2026-10-07T04:55:25.189550Z,CC BY 4.0,2025-10,inec,mensual,false
PAN,INEC.IPC.VAR_MENSUAL,"IPC nacional urbano, variación mensual; Anexo 4, página PDF 1",2025,0.02,%,https://www.inec.gob.pa/archivos/A0705547520260914092740Anexo%204.pdf#page=1,2026-10-07T04:55:25.189550Z,CC BY 4.0,2025-11,inec,mensual,false
PAN,INEC.IPC.VAR_INTERANUAL,"IPC nacional urbano, variación interanual; Anexo 4, página PDF 1",2025,0.5,%,https://www.inec.gob.pa/archivos/A0705547520260914092740Anexo%204.pdf#page=1,2026-10-07T04:55:25.189550Z,CC BY 4.0,2025-11,inec,mensual,false
PAN,INEC.IPC.VAR_MENSUAL,"IPC nacional urbano, variación mensual; Anexo 4, página PDF 1",2025,0.1,%,https://www.inec.gob.pa/archivos/A0705547520260914092740Anexo%204.pdf#page=1,2026-10-07T04:55:25.189550Z,CC BY 4.0,2025-12,inec,mensual,false
PAN,INEC.IPC.VAR_INTERANUAL,"IPC nacional urbano, variación interanual; Anexo 4, página PDF 1",2025,0.4,%,https://www.inec.gob.pa/archivos/A0705547520260914092740Anexo%204.pdf#page=1,2026-10-07T04:55:25.189550Z,CC BY 4.0,2025-12,inec,mensual,false
PAN,INEC.IPC.VAR_MENSUAL,"IPC nacional urbano, variación mensual; Anexo 4, página PDF 1",2026,0.2,%,https://www.inec.gob.pa/archivos/A0705547520260914092740Anexo%204.pdf#page=1,2026-10-07T04:55:25.189550Z,CC BY 4.0,2026-01,inec,mensual,false
PAN,INEC.IPC.VAR_INTERANUAL,"IPC nacional urbano, variación interanual; Anexo 4, página PDF 1",2026,0.3,%,https://www.inec.gob.pa/archivos/A0705547520260914092740Anexo%204.pdf#page=1,2026-10-07T04:55:25.189550Z,CC BY 4.0,2026-01,inec,mensual,false
PAN,INEC.IPC.VAR_MENSUAL,"IPC nacional urbano, variación mensual; Anexo 4, página PDF 1",2026,0.1,%,https://www.inec.gob.pa/archivos/A0705547520260914092740Anexo%204.pdf#page=1,2026-10-07T04:55:25.189550Z,CC BY 4.0,2026-02,inec,mensual,false
PAN,INEC.IPC.VAR_INTERANUAL,"IPC nacional urbano, variación interanual; Anexo 4, página PDF 1",2026,0.02,%,https://www.inec.gob.pa/archivos/A0705547520260914092740Anexo%204.pdf#page=1,2026-10-07T04:55:25.189550Z,CC BY 4.0,2026-02,inec,mensual,false
PAN,INEC.IPC.VAR_MENSUAL,"IPC nacional urbano, variación mensual; Anexo 4, página PDF 1",2026,0.9,%,https://www.inec.gob.pa/archivos/A0705547520260914092740Anexo%204.pdf#page=1,2026-10-07T04:55:25.189550Z,CC BY 4.0,2026-03,inec,mensual,false
PAN,INEC.IPC.VAR_INTERANUAL,"IPC nacional urbano, variación interanual; Anexo 4, página PDF 1",2026,0.8,%,https://www.inec.gob.pa/archivos/A0705547520260914092740Anexo%204.pdf#page=1,2026-10-07T04:55:25.189550Z,CC BY 4.0,2026-03,inec,mensual,false
PAN,INEC.IPC.VAR_MENSUAL,"IPC nacional urbano, variación mensual; Anexo 4, página PDF 1",2026,1.1,%,https://www.inec.gob.pa/archivos/A0705547520260914092740Anexo%204.pdf#page=1,2026-10-07T04:55:25.189550Z,CC BY 4.0,2026-04,inec,mensual,false
PAN,INEC.IPC.VAR_INTERANUAL,"IPC nacional urbano, variación interanual; Anexo 4, página PDF 1",2026,2.1,%,https://www.inec.gob.pa/archivos/A0705547520260914092740Anexo%204.pdf#page=1,2026-10-07T04:55:25.189550Z,CC BY 4.0,2026-04,inec,mensual,false
PAN,INEC.IPC.VAR_MENSUAL,"IPC nacional urbano, variación mensual; Anexo 4, página PDF 1",2026,0.3,%,https://www.inec.gob.pa/archivos/A0705547520260914092740Anexo%204.pdf#page=1,2026-10-07T04:55:25.189550Z,CC BY 4.0,2026-05,inec,mensual,false
PAN,INEC.IPC.VAR_INTERANUAL,"IPC nacional urbano, variación interanual; Anexo 4, página PDF 1",2026,2.5,%,https://www.inec.gob.pa/archivos/A0705547520260914092740Anexo%204.pdf#page=1,2026-10-07T04:55:25.189550Z,CC BY 4.0,2026-05,inec,mensual,false
PAN,INEC.IPC.VAR_MENSUAL,"IPC nacional urbano, variación mensual; Anexo 4, página PDF 1",2026,-0.3,%,https://www.inec.gob.pa/archivos/A0705547520260914092740Anexo%204.pdf#page=1,2026-10-07T04:55:25.189550Z,CC BY 4.0,2026-06,inec,mensual,false
PAN,INEC.IPC.VAR_INTERANUAL,"IPC nacional urbano, variación interanual; Anexo 4, página PDF 1",2026,2.3,%,https://www.inec.gob.pa/archivos/A0705547520260914092740Anexo%204.pdf#page=1,2026-10-07T04:55:25.189550Z,CC BY 4.0,2026-06,inec,mensual,false
PAN,INEC.IPC.VAR_MENSUAL,"IPC nacional urbano, variación mensual; Anexo 4, página PDF 1",2026,-0.3,%,https://www.inec.gob.pa/archivos/A0705547520260914092740Anexo%204.pdf#page=1,2026-10-07T04:55:25.189550Z,CC BY 4.0,2026-07,inec,mensual,false
PAN,INEC.IPC.VAR_INTERANUAL,"IPC nacional urbano, variación interanual; Anexo 4, página PDF 1",2026,2.0,%,https://www.inec.gob.pa/archivos/A0705547520260914092740Anexo%204.pdf#page=1,2026-10-07T04:55:25.189550Z,CC BY 4.0,2026-07,inec,mensual,false
PAN,INEC.IPC.VAR_MENSUAL,"IPC nacional urbano, variación mensual; Anexo 4, página PDF 1",2026,0.2,%,https://www.inec.gob.pa/archivos/A0705547520260914092740Anexo%204.pdf#page=1,2026-10-07T04:55:25.189550Z,CC BY 4.0,2026-08,inec,mensual,false
PAN,INEC.IPC.VAR_INTERANUAL,"IPC nacional urbano, variación interanual; Anexo 4, página PDF 1",2026,2.2,%,https://www.inec.gob.pa/archivos/A0705547520260914092740Anexo%204.pdf#page=1,2026-10-07T04:55:25.189550Z,CC BY 4.0,2026-08,inec,mensual,false
